filename,file_type,fiscal_year,filing_date,file_size,file_size_human,file_extension,download_url,local_path,md5_hash,sha256_hash,last_modified
2022-10-28_10-K.htm,10-K,FY2022,N/A,2049857,1.95 MB,.htm,N/A,FY2022\10-K\2022-10-28_10-K.htm,0b6e901e10bef18c964994a1d6d6e83e,783e4588c24217cd55f0af0c11f15d94271e0c6b756478b862701951ecb49258,2026-06-29 12:10:50
2023-02-03_10-Q_Q2.htm,10-Q,FY2022,N/A,1058932,1.01 MB,.htm,N/A,FY2022\10-Q\2023-02-03_10-Q_Q2.htm,b2ed66afb39cbfe144a753be1c78fc8c,045bd23a5465d3388558a09509291a61fa68aa6d02ed2343acff2066d7ce5131,2026-06-29 12:09:54
2023-05-05_10-Q_Q3.htm,10-Q,FY2022,N/A,1279490,1.22 MB,.htm,N/A,FY2022\10-Q\2023-05-05_10-Q_Q3.htm,d83ba49d03f5af71aa207f9c80758e11,4a0d16998399b6778d02506e3f09889cac86dc7fd5ff25a50b5902673493e696,2026-06-29 12:07:19
2023-08-04_10-Q_Q4.htm,10-Q,FY2022,N/A,963209,940.63 KB,.htm,N/A,FY2022\10-Q\2023-08-04_10-Q_Q4.htm,af369c347e6faa956e8185c3e76e3c48,2553e40ec7e92adc0289f982b768ffecb4cbc331649f3f78910124cbfc989486,2026-06-29 12:06:31
2022-10-27_8-K.htm,8-K,FY2022,N/A,64951,63.43 KB,.htm,N/A,FY2022\8-K\2022-10-27_8-K.htm,656b231d129591fc1818511f0389bece,33206a6fae2bea1db2a730fc9a6c53bf5deeaaced78e3b3bda2338bbf003f208,2026-06-29 12:10:58
2022-11-07_8-K.htm,8-K,FY2022,N/A,41891,40.91 KB,.htm,N/A,FY2022\8-K\2022-11-07_8-K.htm,d7e24cac53a451a7702bcb98d63bcf13,041f021bdeb38fcb852349db97c4cef2196ac779ef544c78a663310b10314a27,2026-06-29 12:10:29
2023-02-02_8-K.htm,8-K,FY2022,N/A,62244,60.79 KB,.htm,N/A,FY2022\8-K\2023-02-02_8-K.htm,741eaa14e7369341814bb8e502513b01,03727dfef5936d5369bd5ac6d6d1a42bef86cb616ea4a18c7d588ab767b234b1,2026-06-29 12:09:57
2023-03-10_8-K.htm,8-K,FY2022,N/A,78000,76.17 KB,.htm,N/A,FY2022\8-K\2023-03-10_8-K.htm,c39b3721339b04aea0fcdc21e9b94f5d,c08cc6e4bdf814c8bf0b295d5327ed70d3af724e9602765ae043c68c0b969a7c,2026-06-29 12:08:46
2023-05-04_8-K.htm,8-K,FY2022,N/A,62223,60.76 KB,.htm,N/A,FY2022\8-K\2023-05-04_8-K.htm,c9c44730f01c6290668c98018b2e4480,558b1139b8c3d37b1faacf97d8d44d2c367f9b1acbcfe9a5ea22d721af341b75,2026-06-29 12:07:29
2023-05-10_8-K.htm,8-K,FY2022,N/A,56693,55.36 KB,.htm,N/A,FY2022\8-K\2023-05-10_8-K.htm,e10435039a4f3989a1726609f7a0c380,0ef8ee25f5b1488f9e54f8c928524a9b9702b5bf216e05721a5547820bda0060,2026-06-29 12:06:57
2023-08-03_8-K.htm,8-K,FY2022,N/A,43563,42.54 KB,.htm,N/A,FY2022\8-K\2023-08-03_8-K.htm,54cedd4d81b69f7838dbc99eb136324a,0beee77ed6003e18fd21b2f987a76190fc29776ec6aeae8ea66d0e6d7420926f,2026-06-29 12:06:34
2023-01-12_DEF-14A.htm,DEF-14A,FY2022,N/A,1494487,1.43 MB,.htm,N/A,FY2022\DEF-14A\2023-01-12_DEF-14A.htm,3cd8f85998089bdb6c6d52684cd46d07,374715b1bdf1a18dd6b1f52ef94171bbef520adcc14378b2a64506cb2f0739cf,2026-06-29 12:10:18
2023-01-12_DEF-14A_1.htm,DEF-14A,FY2022,N/A,8621,8.42 KB,.htm,N/A,FY2022\DEF-14A\2023-01-12_DEF-14A_1.htm,7d76916463e66f3179ea5cb7d331af0b,8b88243f3eedea51af8d9fc087f73479256b8f9d682538dbb35c13e2da8c54c8,2026-06-29 12:10:12
2023-02-03_DEF-14A.htm,DEF-14A,FY2022,N/A,11225,10.96 KB,.htm,N/A,FY2022\DEF-14A\2023-02-03_DEF-14A.htm,3bee2616338d73445f58dde92d562784,de6ea74edfbcd7552001f95cc849c37bec9dee21c32ad68ab26bc3608b9c0195,2026-06-29 12:09:47
20230123_f120232px14a6g.htm,Other,FY2022,2023-01-23,21195,20.70 KB,.htm,https://www.sec.gov/Archives/edgar/data/320193/20230123/20230123_f120232px14a6g.htm,FY2022\Other\20230123_f120232px14a6g.htm,935360c22cde0a7ea18108be03b63e2c,fd7fff9ad8e5db67baeef8988b80a44bb1d682d382c91ff7a1aa2efed62037ba,2026-06-29 12:10:06
20230130_d126231px14a6g.htm,Other,FY2022,2023-01-30,27468,26.82 KB,.htm,https://www.sec.gov/Archives/edgar/data/320193/20230130/20230130_d126231px14a6g.htm,FY2022\Other\20230130_d126231px14a6g.htm,0007e347704afa63289942c92f2b64c1,b5b3ed4aa491ac37ff2aaa551164c9fce3c2c4ab56e4cbd085bf7919bc010f75,2026-06-29 12:10:03
20230207_us0378331005_020723.txt,Other,FY2022,2023-02-07,11893,11.61 KB,.txt,https://www.sec.gov/Archives/edgar/data/320193/20230207/20230207_us0378331005_020723.txt,FY2022\Other\20230207_us0378331005_020723.txt,30823f539b43ef5dda1cb5ff9bf2836b,00af0a96303fdeebe7281daf1d7eed5e80752f504ee530a94df7ae4b49d51a2c,2026-06-29 12:09:13
20230209_tv0017-appleinc.htm,Other,FY2022,2023-02-09,11434,11.17 KB,.htm,https://www.sec.gov/Archives/edgar/data/320193/20230209/20230209_tv0017-appleinc.htm,FY2022\Other\20230209_tv0017-appleinc.htm,1baa346e6d3f758dee05f77afaffdea8,b834d0753efe6d95164f3b8a82cf0ac5dd4755f26a0e403cb7fe87832f33552d,2026-06-29 12:09:08
20230214_d382361dsc13ga.htm,Other,FY2022,2023-02-14,667659,652.01 KB,.htm,https://www.sec.gov/Archives/edgar/data/320193/20230214/20230214_d382361dsc13ga.htm,FY2022\Other\20230214_d382361dsc13ga.htm,ce12a6c4b918480875d0e92905e16543,6a9fb664ef29a8479d8c327083f50070143e8c0e109e846785ce1e088aa76b4c,2026-06-29 12:09:03
20230214_nlpc_px14a6g.htm,Other,FY2022,2023-02-14,72528,70.83 KB,.htm,https://www.sec.gov/Archives/edgar/data/320193/20230214/20230214_nlpc_px14a6g.htm,FY2022\Other\20230214_nlpc_px14a6g.htm,c50b906f05d978ddfd622d1686fb2e5c,449481971920896d3f962016986d312310ebdc156e6edb9453100797bffc737b,2026-06-29 12:08:59
20230222_f214237px14a6g.htm,Other,FY2022,2023-02-22,10260,10.02 KB,.htm,https://www.sec.gov/Archives/edgar/data/320193/20230222/20230222_f214237px14a6g.htm,FY2022\Other\20230222_f214237px14a6g.htm,ca75488f0d721818baf61e64ff0fae8e,acc884ca37097f8dfe541c03651544253155b4cd182ca0cec11517055bbaa12e,2026-06-29 12:08:56
20230222_nlpc_px14a6g.htm,Other,FY2022,2023-02-22,50386,49.21 KB,.htm,https://www.sec.gov/Archives/edgar/data/320193/20230222/20230222_nlpc_px14a6g.htm,FY2022\Other\20230222_nlpc_px14a6g.htm,fe154dd64133785f7b56c268338b8479,9b25c72b535771fc5d66b3dc79248b4a45b9c3ab16ec9fe251bef7b27e6917c9,2026-06-29 12:08:53
20230316_brhc10048434_sd.htm,Other,FY2022,2023-03-16,12930,12.63 KB,.htm,https://www.sec.gov/Archives/edgar/data/320193/20230316/20230316_brhc10048434_sd.htm,FY2022\Other\20230316_brhc10048434_sd.htm,7ad05141c089c3950523e002899dcd7a,f844cf2c69580f3bb3ed59fca452f79ab0078ff8bb5ae039bf293c428d034dbb,2026-06-29 12:08:10
20230508_ny20007635x1_424b2.htm,Other,FY2022,2023-05-08,474820,463.69 KB,.htm,https://www.sec.gov/Archives/edgar/data/320193/20230508/20230508_ny20007635x1_424b2.htm,FY2022\Other\20230508_ny20007635x1_424b2.htm,f3b6b42d230dd27fa4ba29e0ed8dea1b,5cea2fd303f4cb55219265161bed3d4b34d1867b6bed2f6bc6030b4ea9fd1f73,2026-06-29 12:07:12
20230509_ny20007635x2_fwp.htm,Other,FY2022,2023-05-09,75195,73.43 KB,.htm,https://www.sec.gov/Archives/edgar/data/320193/20230509/20230509_ny20007635x2_fwp.htm,FY2022\Other\20230509_ny20007635x2_fwp.htm,f27fcf6516bbef9bba754715f04dff4a,8d0fb85485e62622555000e4ed23e4aac15dbc3efbb81cf925490f8a8f63602c,2026-06-29 12:07:03
20230509_ny20007635x3_424b2.htm,Other,FY2022,2023-05-09,524766,512.47 KB,.htm,https://www.sec.gov/Archives/edgar/data/320193/20230509/20230509_ny20007635x3_424b2.htm,FY2022\Other\20230509_ny20007635x3_424b2.htm,0029c08aff5335a19aff899ca00f44f7,6fe6a734c4a0180c61dd1c28ef73f8f122db8ebc60bd326b083fdc80a967778d,2026-06-29 12:07:00
primary_doc.xml,Other,FY2022,N/A,10116,9.88 KB,.xml,N/A,FY2022\Other\primary_doc.xml,b2346d38c0e5fa77772fe75a1c40f7a5,b7ab4803db451b4adf61a1f025953f9a76e2c3cb4086b6d01c5c7047122ee482,2026-06-29 12:10:26
primary_doc_1.xml,Other,FY2022,N/A,11116,10.86 KB,.xml,N/A,FY2022\Other\primary_doc_1.xml,21c72e2ceae61734df1b9381110b4dd5,d276f60a8c8c4009e9250751577f21923024554fa571e13ac726342f31a9ad7c,2026-06-29 12:07:48
primary_doc_2.xml,Other,FY2022,N/A,11694,11.42 KB,.xml,N/A,FY2022\Other\primary_doc_2.xml,9052c1d9ca8c98276de59ea567926e22,e041c97ce08014a95750428fd756c4b86315f78351e50566f786cc47cdef1273,2026-06-29 12:07:41
primary_doc_3.xml,Other,FY2022,N/A,10912,10.66 KB,.xml,N/A,FY2022\Other\primary_doc_3.xml,bc7309880e24a2be47327fed11f160da,788c73d94b96c8010d27a1dfcba9da327363faeadc2afcf9785f0696600290a5,2026-06-29 12:06:27
wf-form4_166493432440801.xml,Other,FY2022,N/A,26476,25.86 KB,.xml,N/A,FY2022\Other\wf-form4_166493432440801.xml,2e4b78f26b7198dae26f9eac9e22c763,49e88774ac3d32ab61ecef36f5e9951ea4f8e711fed173ac62b8257d9ea99c07,2026-06-29 12:11:20
wf-form4_166493485929155.xml,Other,FY2022,N/A,19566,19.11 KB,.xml,N/A,FY2022\Other\wf-form4_166493485929155.xml,b26ae95ea91728f28b1c80af565501e3,b8c4fa007b6d572c45c6955376bb039d66ea0f0287b8d2b946cb5cd68e3bbf06,2026-06-29 12:11:22
wf-form4_166493494107053.xml,Other,FY2022,N/A,23072,22.53 KB,.xml,N/A,FY2022\Other\wf-form4_166493494107053.xml,462a7197954687afbb4efeb6e1b679eb,81cb0227c6bdc64d1793082df18160085513844d4553605c60af16108c98b348,2026-06-29 12:11:12
wf-form4_166493500034922.xml,Other,FY2022,N/A,19753,19.29 KB,.xml,N/A,FY2022\Other\wf-form4_166493500034922.xml,7487425695182971a1393b4b40f9acfb,3e6f9215dbeaa378f01cc5171e3816759663312699432269e0bc3a5c987b1bf6,2026-06-29 12:11:25
wf-form4_166613226881196.xml,Other,FY2022,N/A,21761,21.25 KB,.xml,N/A,FY2022\Other\wf-form4_166613226881196.xml,f73a9050839081084ef88531a8d292da,c71d70d31a724c7935aee3ea59574aced72e54557fe3c59ec654ad0e6cb01324,2026-06-29 12:11:04
wf-form4_166613234346671.xml,Other,FY2022,N/A,18484,18.05 KB,.xml,N/A,FY2022\Other\wf-form4_166613234346671.xml,7922f9ef5ac4db950c9cab48dd0afe2d,54f54d298937be9929b458921327aaa9a4aa3debedf5054e9d3976ae33bd2ccd,2026-06-29 12:11:01
wf-form4_166734181374173.xml,Other,FY2022,N/A,18878,18.44 KB,.xml,N/A,FY2022\Other\wf-form4_166734181374173.xml,73546fb5c52f4d5c83efb8194539faec,baa1e2bae557981f6ae554d9962339dcf3b29625f82d8ddb44237df8548e613b,2026-06-29 12:10:32
wf-form4_166924620985339.xml,Other,FY2022,N/A,15269,14.91 KB,.xml,N/A,FY2022\Other\wf-form4_166924620985339.xml,4eb84c8009ec47fbec0303c8dd69c485,8ae34fdd9debde452636fbac678b0cd531bc0d36055cb6b87b328d2c742b444e,2026-06-29 12:10:22
wf-form4_167546705890329.xml,Other,FY2022,N/A,16211,15.83 KB,.xml,N/A,FY2022\Other\wf-form4_167546705890329.xml,954f7f0216b9e58dc1ad412c43c3b488,5ebe5121f552726c35612a41aa235efde7b874abaa1422c44c1259a054b22b5c,2026-06-29 12:09:43
wf-form4_167546711444862.xml,Other,FY2022,N/A,16217,15.84 KB,.xml,N/A,FY2022\Other\wf-form4_167546711444862.xml,a3ff0e26d83488d3d0943509e4dd1452,5ffe45a7a794ebdcac059aa37e9cf14ff43c69e7eddc2d4476cff8f5f9db502d,2026-06-29 12:09:40
wf-form4_167546717269434.xml,Other,FY2022,N/A,16207,15.83 KB,.xml,N/A,FY2022\Other\wf-form4_167546717269434.xml,328516af277690dfd355ed223cea8f3f,8dde7556ba6412d6cf872fd90f7a25d0d315a212bb254f1ea3d27e4243a3ec02,2026-06-29 12:09:38
wf-form4_167546724839309.xml,Other,FY2022,N/A,16816,16.42 KB,.xml,N/A,FY2022\Other\wf-form4_167546724839309.xml,f897fb61afb8cfe1e3d303b31b54ccfd,d3b95346522515fff9a6b827d64c0bbebd0d3ea182238186cc60c0c82101c6f9,2026-06-29 12:09:30
wf-form4_167546729886985.xml,Other,FY2022,N/A,17292,16.89 KB,.xml,N/A,FY2022\Other\wf-form4_167546729886985.xml,3162f5f5c4e511eb98982cb6a4447270,7cc8252fcdc9cde1cd225975102f32506b07c7ae3f899b53858d6ba131bb70c0,2026-06-29 12:09:24
wf-form4_167546736542524.xml,Other,FY2022,N/A,16216,15.84 KB,.xml,N/A,FY2022\Other\wf-form4_167546736542524.xml,673e5a7df3cba8b3e8a753325f465553,e8c667d66565da718d58c3fe0b88452c169052a33805de266a3ddd49d398be96,2026-06-29 12:09:21
wf-form4_167546742335512.xml,Other,FY2022,N/A,16216,15.84 KB,.xml,N/A,FY2022\Other\wf-form4_167546742335512.xml,0e9bdca88d061a6cc31a163a3df38865,b0843b453d534f8c9e0a4591e967ff4f8967136494bf5ba3ea208a8b842271fc,2026-06-29 12:09:18
wf-form4_167546747536649.xml,Other,FY2022,N/A,17092,16.69 KB,.xml,N/A,FY2022\Other\wf-form4_167546747536649.xml,6e6b97d9c30ed5ac82156b3c164a885a,41651a480814feed066b9097e578978ab5c99d9d034a56269bea08ac99774a9a,2026-06-29 12:09:16
wf-form4_167883304133328.xml,Other,FY2022,N/A,15714,15.35 KB,.xml,N/A,FY2022\Other\wf-form4_167883304133328.xml,438e1e97877b259759206caf00dfa8ef,66533d49fe4c4c1748e7375b88d45c7e873af11402735be39b37aa5eda8c36f4,2026-06-29 12:08:43
wf-form4_167883306952487.xml,Other,FY2022,N/A,15719,15.35 KB,.xml,N/A,FY2022\Other\wf-form4_167883306952487.xml,4ca7e82114c1e37dcd52895eaeae7474,c1b46d3b0e55ca27ecbfb9fba56bb4fe4a6f7c78f5e8325d45de496696d7d12a,2026-06-29 12:08:40
wf-form4_167883310220723.xml,Other,FY2022,N/A,15711,15.34 KB,.xml,N/A,FY2022\Other\wf-form4_167883310220723.xml,652da74caae5450b775a24570c5b4b5f,75e53037b06d7d72e3e81e8e21a4ed9988762ea5c5227f21f0df3a5b4024f279,2026-06-29 12:08:37
wf-form4_167883316975236.xml,Other,FY2022,N/A,15711,15.34 KB,.xml,N/A,FY2022\Other\wf-form4_167883316975236.xml,62ccac6802275176ddaa90ad926ea018,a9ac6a74d18f1af452718e198e3f59efa42e563e8c22b33d7597bfeffd1b1491,2026-06-29 12:08:34
wf-form4_167883321069337.xml,Other,FY2022,N/A,15724,15.36 KB,.xml,N/A,FY2022\Other\wf-form4_167883321069337.xml,847dc143bf82bc16ff4b6de623d5b0d8,042aa25164e73ec49091d3380ce8f934ac8368f385a4f640144d989b34c7008c,2026-06-29 12:08:29
wf-form4_167883325244111.xml,Other,FY2022,N/A,15720,15.35 KB,.xml,N/A,FY2022\Other\wf-form4_167883325244111.xml,41b620c7077f15e6bc21c99ee04fbb13,5fd09f42d77cd33571e4f77c4c8b1ecf892d4fcf3902394ed3161b83a161f028,2026-06-29 12:08:27
wf-form4_167883328933055.xml,Other,FY2022,N/A,15718,15.35 KB,.xml,N/A,FY2022\Other\wf-form4_167883328933055.xml,8fe8a623fc45b39d06803ce9de0b40ac,87c94ed1c2e172c10768dc96d0a86ef1bbfa57c73c1b897b9d4f8b16ea334a6c,2026-06-29 12:08:22
wf-form4_167883332720098.xml,Other,FY2022,N/A,15713,15.34 KB,.xml,N/A,FY2022\Other\wf-form4_167883332720098.xml,002587c13126d5e245438a03bebc6509,02a3c241083485d4ebd40672aaccf96ccb598a8ef82153a5756ccbed90dc06f1,2026-06-29 12:08:15
wf-form4_167969705479427.xml,Other,FY2022,N/A,16578,16.19 KB,.xml,N/A,FY2022\Other\wf-form4_167969705479427.xml,5745dd083257f9b32f8f72aa3a138039,2d2562b856f8caa951ad5645c3eefe0d27992490486e6a40593d4765e0bf3681,2026-06-29 12:08:07
wf-form4_168064745080973.xml,Other,FY2022,N/A,24097,23.53 KB,.xml,N/A,FY2022\Other\wf-form4_168064745080973.xml,35b7b60f70aaa974df864df463c19919,42f2dc4ab4a063dda78e12bdeb0538a4e64231b870eb0ab9a599916bc1fe63a1,2026-06-29 12:08:04
wf-form4_168064750462974.xml,Other,FY2022,N/A,21207,20.71 KB,.xml,N/A,FY2022\Other\wf-form4_168064750462974.xml,42286875b7904de13a6744c8e9157aef,7de75398f4c6e0b284d190b24c0d936070c1ec1575608fc3c847a6de986b94ed,2026-06-29 12:08:01
wf-form4_168064754806371.xml,Other,FY2022,N/A,22312,21.79 KB,.xml,N/A,FY2022\Other\wf-form4_168064754806371.xml,d8ae322d4d054a5552eccd3abb5ee970,b545c561069122fd5351ee6191c4b9105b33bd560587883199b3263f9e566b68,2026-06-29 12:07:58
wf-form4_168064761527635.xml,Other,FY2022,N/A,22165,21.65 KB,.xml,N/A,FY2022\Other\wf-form4_168064761527635.xml,e717dc37dc7a0517dac13ae71f7ba71c,0b08cd8e7b073ad2652c7eb9f6d9e415023b2198baeaff46314fdd5f7990a4d0,2026-06-29 12:07:53
wf-form4_168064766485466.xml,Other,FY2022,N/A,23427,22.88 KB,.xml,N/A,FY2022\Other\wf-form4_168064766485466.xml,7c3d037cf62d66b2ab9f53aeb7b33849,bb3b74a2e0090687a0e73259c3bf7d05e4d59c5701806f568941b5d7441e3f83,2026-06-29 12:07:50
wf-form4_168116581286812.xml,Other,FY2022,N/A,15723,15.35 KB,.xml,N/A,FY2022\Other\wf-form4_168116581286812.xml,81fb1125303a93ff44cbb8821ea39a17,c2153df61e2c1708d8fd005e69f855e7cda60f3798627810fd23525e06125ce8,2026-06-29 12:07:44
wf-form4_168177065948283.xml,Other,FY2022,N/A,16193,15.81 KB,.xml,N/A,FY2022\Other\wf-form4_168177065948283.xml,6e236cf5e30d6e3e5fe2df88c3cb237c,07bbc69dc804d2479983b1c7e68ca82a3a68c987215e662b1f1dc5824fdca881,2026-06-29 12:07:35
wf-form4_168185708431590.xml,Other,FY2022,N/A,22522,21.99 KB,.xml,N/A,FY2022\Other\wf-form4_168185708431590.xml,020f4c83c3c2b4108e8502e5cefa9089,e201fce8b00c75916f18296959375b55cdbb4590a2a2f5d7ca275d8aefd24a44,2026-06-29 12:07:32
wf-form4_168375780902324.xml,Other,FY2022,N/A,15954,15.58 KB,.xml,N/A,FY2022\Other\wf-form4_168375780902324.xml,6fc694c22d30a4ed3d2981b1f24a27ef,e0ee9645ccf14d36092e35246516665f92ad4dc570178d2c95f08541bff8e0aa,2026-06-29 12:06:50
wf-form4_168393061463065.xml,Other,FY2022,N/A,15489,15.13 KB,.xml,N/A,FY2022\Other\wf-form4_168393061463065.xml,27718b45e4c5cf8551d8bc52fcce2dd9,a80ba850fc58997b0a8ef31c7f5a562afd840b2bb324a8bfaf81eee127904c3c,2026-06-29 12:06:41
wf-form4_168444912415136.xml,Other,FY2022,N/A,16378,15.99 KB,.xml,N/A,FY2022\Other\wf-form4_168444912415136.xml,479866e8cd60b427718664e7da4593eb,b116d3a2f0f31d8d9d2c4ef8ee4e68b7033485b6abc3aa6243f3bf61ed0ad1c0,2026-06-29 12:06:36
wk-form4_1691533817.xml,Other,FY2022,N/A,19211,18.76 KB,.xml,N/A,FY2022\Other\wk-form4_1691533817.xml,c90daee1fdadddd90230b6181028f45f,bdbdfa532cce1713e19c32f09c6e50f395fd610a3f370bf87f55c2bddcb1aa27,2026-06-29 12:06:24
wk-form4_1695162617.xml,Other,FY2022,N/A,15578,15.21 KB,.xml,N/A,FY2022\Other\wk-form4_1695162617.xml,6f596483ad6634cb611ed1b450aeeffb,91ab7d61ee5084751b6c440751bb7b805e5255340b08a53cc4a824e036ad7822,2026-06-29 12:06:18
2023-11-03_10-K.htm,10-K,FY2023,N/A,1558924,1.49 MB,.htm,N/A,FY2023\10-K\2023-11-03_10-K.htm,591b65be9b31b9fb6c7592e2ef313bb6,bda1f34435199672c16ecdf2034c650872d2cac8399ed0d179fc25450b080b90,2026-06-29 12:05:06
FY2023_10-K.pdf,10-K,FY2023,N/A,714094,697.36 KB,.pdf,N/A,FY2023\10-K\FY2023_10-K.pdf,2de8f4054a22cc0c92f34f2d6f5396ef,e36d41ed3a32874efba3e33dc89ef7e1329e32a26e91b453cb0e9b680288a783,2026-06-29 13:10:18
2024-02-02_10-Q_Q2.htm,10-Q,FY2023,N/A,732173,715.01 KB,.htm,N/A,FY2023\10-Q\2024-02-02_10-Q_Q2.htm,a698091e1a731cda83a82172021b28e5,5ef79d536cc5a58a49c923e213e663f8381c2346fc9d794c6e15b825733b619c,2026-06-29 12:04:21
2024-05-03_10-Q_Q3.htm,10-Q,FY2023,N/A,884846,864.11 KB,.htm,N/A,FY2023\10-Q\2024-05-03_10-Q_Q3.htm,d8523913433c72592a6b8e9c04174d7d,d05f6df427cb9695c46ba1a9aea6ce734b6bad18f941e0837e56bdb56f0d9446,2026-06-29 12:01:13
2024-08-02_10-Q_Q4.htm,10-Q,FY2023,N/A,889136,868.30 KB,.htm,N/A,FY2023\10-Q\2024-08-02_10-Q_Q4.htm,93f96d6411becd4bf22f082a05dfcfb7,85113c39b6f1cbeea1cde2848d3c8e3beb5e0b86de06ac593011a7780c880026,2026-06-29 12:00:35
FY2023_10-Q_Q3.pdf,10-Q,FY2023,N/A,354517,346.21 KB,.pdf,N/A,FY2023\10-Q\FY2023_10-Q_Q3.pdf,4660577f5233f6ddaa22f7551eddc175,1d0f179933d76b7731c12feebd10802c454ffdd525fdc887f82a7220107efab3,2026-06-29 13:11:28
20240503_ef20028273_8k.htm,8-K,FY2023,2024-05-03,39213,38.29 KB,.htm,https://www.sec.gov/Archives/edgar/data/320193/20240503/20240503_ef20028273_8k.htm,FY2023\8-K\20240503_ef20028273_8k.htm,f3283f9c03a31e39aef696b867408046,fcfd1f7822c26cd067d92884b64d5b13fd37a21ad54e3361a143b7c213335bbc,2026-06-29 12:01:09
20240910_ef20035718_8k.htm,8-K,FY2023,2024-09-10,48733,47.59 KB,.htm,https://www.sec.gov/Archives/edgar/data/320193/20240910/20240910_ef20035718_8k.htm,FY2023\8-K\20240910_ef20035718_8k.htm,a6c4f45e0cf42214cafabf8b67e1e6b9,bc5b2713a1c5076aec84a5d697091abfec3a797dc2f4598ce082d6524bd3e4b5,2026-06-29 11:59:54
2023-11-02_8-K.htm,8-K,FY2023,N/A,42355,41.36 KB,.htm,N/A,FY2023\8-K\2023-11-02_8-K.htm,2c06d9a6874de763379f1c9230c5c0bb,e447e900ee590f005249303d85df89c024e14ab32158f0cc4cc49a1d6aad4610,2026-06-29 12:05:09
2024-02-01_8-K.htm,8-K,FY2023,N/A,40631,39.68 KB,.htm,N/A,FY2023\8-K\2024-02-01_8-K.htm,c7a30b17e410ecc387a311528c80a6f2,a955f8afbc4f914c3bb45412ff4054e385a8e1bdd2d77491f2654c0a326cd73f,2026-06-29 12:04:23
2024-02-28_8-K.htm,8-K,FY2023,N/A,88596,86.52 KB,.htm,N/A,FY2023\8-K\2024-02-28_8-K.htm,bbce4a60f840dd3c315bd15e99208cfb,75864404264ba7e300d9ec160915aa784c5eefed0144c6073ed791914cdd73c9,2026-06-29 12:03:15
2024-05-02_8-K.htm,8-K,FY2023,N/A,40428,39.48 KB,.htm,N/A,FY2023\8-K\2024-05-02_8-K.htm,85f0c696f3259a0eaca667a817e53388,c36fe35420fc62f759d67b82165b0f93d26a42e9a30474cdda5fee003291b857,2026-06-29 12:01:16
2024-08-01_8-K.htm,8-K,FY2023,N/A,41210,40.24 KB,.htm,N/A,FY2023\8-K\2024-08-01_8-K.htm,aa9b09b15077f7bc4bbd433bf9bd95a1,01fdeb386b37cd3f7961457fe5d309a6301c31f9c7d9361cc04d49775069e1b9,2026-06-29 12:00:38
2024-08-23_8-K.htm,8-K,FY2023,N/A,51247,50.05 KB,.htm,N/A,FY2023\8-K\2024-08-23_8-K.htm,b944eca1854c236f753f94e2d9336550,8d93735a18691cd59a166b2bc3b3d085575edb753f7e9271b368c0cccd699db0,2026-06-29 12:00:02
2024-08-26_8-K.htm,8-K,FY2023,N/A,44448,43.41 KB,.htm,N/A,FY2023\8-K\2024-08-26_8-K.htm,27b7b67b17f82e7838cba9cc13e0c1cf,a28af4914facbe5497a3eda465e16bb2e504102fe804be01c3db7f710864fa64,2026-06-29 11:59:57
2024-01-11_DEF-14A.htm,DEF-14A,FY2023,N/A,1470279,1.40 MB,.htm,N/A,FY2023\DEF-14A\2024-01-11_DEF-14A.htm,c4cac9850ae14b9c84450cc5c9cccd21,ea4f18f315d5a04507d6ce50390c7f10f857be99d1ea23b551de472760833778,2026-06-29 12:04:49
2024-01-11_DEF-14A_1.htm,DEF-14A,FY2023,N/A,9206,8.99 KB,.htm,N/A,FY2023\DEF-14A\2024-01-11_DEF-14A_1.htm,f8a49968a4abb7371bf7684cfe3a90b0,54936c78843735ed6dc5235a794155f9f8e8eb14194c1ac187fa8f666dd4ea8f,2026-06-29 12:04:44
20240122_j119245px14a6g.htm,Other,FY2023,2024-01-22,21611,21.10 KB,.htm,https://www.sec.gov/Archives/edgar/data/320193/20240122/20240122_j119245px14a6g.htm,FY2023\Other\20240122_j119245px14a6g.htm,c5b117d6cd9c4b47556b9a307a7780b7,26bd621beed346215d652a9dabdadd138ca13f80037852e04061ec8cb6e1029d,2026-06-29 12:04:34
20240201_bowy_px14a6g.htm,Other,FY2023,2024-02-01,9782,9.55 KB,.htm,https://www.sec.gov/Archives/edgar/data/320193/20240201/20240201_bowy_px14a6g.htm,FY2023\Other\20240201_bowy_px14a6g.htm,deec53f15aabaf8b6a8d372cfb8017c0,70f731a3632355afb06b181b2f3d0cf24ff3e79e858bb5b24511976c6b71e8d2,2026-06-29 12:04:25
20240202_bowy_px14a6g.htm,Other,FY2023,2024-02-02,10060,9.82 KB,.htm,https://www.sec.gov/Archives/edgar/data/320193/20240202/20240202_bowy_px14a6g.htm,FY2023\Other\20240202_bowy_px14a6g.htm,550eedbef8ed8873ec0c0f4c012b5bba,4681cfec08a7a9dfe0373fb411ac298193d201f25a44dfaac605ab1661039c0b,2026-06-29 12:04:17
20240205_bowy_px14a6g.htm,Other,FY2023,2024-02-05,11919,11.64 KB,.htm,https://www.sec.gov/Archives/edgar/data/320193/20240205/20240205_bowy_px14a6g.htm,FY2023\Other\20240205_bowy_px14a6g.htm,76a3c753c042f3dabbe1c17b6c24dd39,a8b71e1d3778a5585281d055930ed2321be5a641eb4a89dc8772e8f507b87cf9,2026-06-29 12:04:15
20240209_nlpc_px14a6g.htm,Other,FY2023,2024-02-09,47078,45.97 KB,.htm,https://www.sec.gov/Archives/edgar/data/320193/20240209/20240209_nlpc_px14a6g.htm,FY2023\Other\20240209_nlpc_px14a6g.htm,fa7db54992cff821ffd28a403a0641c7,d25fe6e61f4f1de7d8aeb2a9a0ed7bffcd3df3170283a35f145c5387d1e5214f,2026-06-29 12:03:36
20240212_us0378331005_021224.txt,Other,FY2023,2024-02-12,12049,11.77 KB,.txt,https://www.sec.gov/Archives/edgar/data/320193/20240212/20240212_us0378331005_021224.txt,FY2023\Other\20240212_us0378331005_021224.txt,aa045a82f9a64b03bbaed95a8fe21de8,c144e117616759476cbaeca2dea343a928f28f6bc83817c7a8db90e5109284e0,2026-06-29 12:03:34
20240213_tv0017-appleinc.htm,Other,FY2023,2024-02-13,11433,11.17 KB,.htm,https://www.sec.gov/Archives/edgar/data/320193/20240213/20240213_tv0017-appleinc.htm,FY2023\Other\20240213_tv0017-appleinc.htm,0c55c0be34b161ba9021014f1b50b69a,e7e8285f320506735b46fb1cbb664d89ccf2bab09e70e1712f35d3419ae51e72,2026-06-29 12:03:31
20240214_d751537dsc13ga.htm,Other,FY2023,2024-02-14,544958,532.19 KB,.htm,https://www.sec.gov/Archives/edgar/data/320193/20240214/20240214_d751537dsc13ga.htm,FY2023\Other\20240214_d751537dsc13ga.htm,60143452541f8ddb34e62afb67ccf9de,e1703df614e41d5a4f00d1048bca3b7c8e90134837842a3a12a68f83b2af5618,2026-06-29 12:03:25
20240306_filename1.pdf,Other,FY2023,2024-03-06,29588,28.89 KB,.pdf,https://www.sec.gov/Archives/edgar/data/320193/20240306/20240306_filename1.pdf,FY2023\Other\20240306_filename1.pdf,dee8ccb2298bc5a2134b1977349f1bdd,cc9f0b86a715053f5a348e809da9baddb19f5948cd005b8c659549b2e225b5bd,2026-06-29 12:02:42
20240320_filename1.htm,Other,FY2023,2024-03-20,41662,40.69 KB,.htm,https://www.sec.gov/Archives/edgar/data/320193/20240320/20240320_filename1.htm,FY2023\Other\20240320_filename1.htm,363d04ccfb6aae8449b97f0429697edb,76ed85ce0b47f13c1e97076c5ffae519ed939b0c9130734a83dd95c3a85b4b57,2026-06-29 12:02:38
20240327_ef20024616_sd.htm,Other,FY2023,2024-03-27,16073,15.70 KB,.htm,https://www.sec.gov/Archives/edgar/data/320193/20240327/20240327_ef20024616_sd.htm,FY2023\Other\20240327_ef20024616_sd.htm,6ff27a963acb21b3698c5078c840183a,1e820b0ed6b05c7b6e76b6378665cf10f6b8dc2138c07f443ff24df5ef2cf1ed,2026-06-29 12:02:35
20240402_filename1.pdf,Other,FY2023,2024-04-02,29688,28.99 KB,.pdf,https://www.sec.gov/Archives/edgar/data/320193/20240402/20240402_filename1.pdf,FY2023\Other\20240402_filename1.pdf,b36f1e75e7986a562eeb79fd32a996c6,b111698040e9a3a46805348095fab8a572b3f509682c20db2d172e0d5560ad8c,2026-06-29 12:02:33
20240405_filename1.htm,Other,FY2023,2024-04-05,16375,15.99 KB,.htm,https://www.sec.gov/Archives/edgar/data/320193/20240405/20240405_filename1.htm,FY2023\Other\20240405_filename1.htm,85d284cd0719415b4d14c3cee0a99508,2cb9153e35cf6d070e1dbe28ca72397a57d3085309e1582dd487414b7578d7c6,2026-06-29 12:02:00
20240429_filename1.htm,Other,FY2023,2024-04-29,48003,46.88 KB,.htm,https://www.sec.gov/Archives/edgar/data/320193/20240429/20240429_filename1.htm,FY2023\Other\20240429_filename1.htm,704df9b976172b46e0d45b054d369bd3,173dee6e37e4273127308029426578ad746c299c91ca52cf362539023c607dcd,2026-06-29 12:01:22
20240516_filename1.pdf,Other,FY2023,2024-05-16,27492,26.85 KB,.pdf,https://www.sec.gov/Archives/edgar/data/320193/20240516/20240516_filename1.pdf,FY2023\Other\20240516_filename1.pdf,f452a1bccd4d547a2e165bdb35371366,2bc31b462b3a31415da23294a42c2db773f238c86a637d4278767a2661dc91d8,2026-06-29 12:01:02
primary_doc.xml,Other,FY2023,N/A,10897,10.64 KB,.xml,N/A,FY2023\Other\primary_doc.xml,5c1b71ceca1f9518be2e30d24c6be1f2,1dc659cbd023395e3ff3df31b6914ebe2986f51d1c05208f9167afc4e46dca2b,2026-06-29 12:06:15
primary_doc_1.xml,Other,FY2023,N/A,11111,10.85 KB,.xml,N/A,FY2023\Other\primary_doc_1.xml,b55a82e3f0b306177617dcc63bfe9403,b374988632f1be34993842b9aca2b1dd6e15518e9d1d00eefb3f1901490d0eba,2026-06-29 12:05:44
primary_doc_2.xml,Other,FY2023,N/A,11711,11.44 KB,.xml,N/A,FY2023\Other\primary_doc_2.xml,80d8659d598c045c432e04454d054bd9,e3db84dd3c247fa1e542739352c6c6485193a53cd7c4a867d0fb9fc5072574e9,2026-06-29 12:05:38
primary_doc_3.xml,Other,FY2023,N/A,10111,9.87 KB,.xml,N/A,FY2023\Other\primary_doc_3.xml,eed56c58a0f681a692c20e3c0e262902,4871ded72e04a1367513fba8941a09a91c45e25eec20b227c1d8c35fb7a7adb4,2026-06-29 12:04:41
primary_doc_4.xml,Other,FY2023,N/A,11316,11.05 KB,.xml,N/A,FY2023\Other\primary_doc_4.xml,396b9ac244df02fbde5a57363863bcb9,892d8210deb922557f7b8274aa67045071616e47402b228a6d22dd9846b4b3d5,2026-06-29 12:03:13
primary_doc_5.xml,Other,FY2023,N/A,10915,10.66 KB,.xml,N/A,FY2023\Other\primary_doc_5.xml,8c2926cb0b8f865ad1b2319134f4ff1f,0600f2835d9d3b05ee7d3d9b6fe9a967bae9d692749c7bea010e46ed42c0a44e,2026-06-29 12:02:28
primary_doc_6.xml,Other,FY2023,N/A,11126,10.87 KB,.xml,N/A,FY2023\Other\primary_doc_6.xml,1000a0fd0791d4f25c4dbbc093f66ed0,d79ef2d31dc17fcdcd50212e86903b4e568a8466d08ba9de2cd2718628642cb1,2026-06-29 12:01:38
primary_doc_7.xml,Other,FY2023,N/A,10817,10.56 KB,.xml,N/A,FY2023\Other\primary_doc_7.xml,b3faf2281b83016e01bfa91266b77fc6,5da5a16ea1e64004d264e72bbb4cf747c091925486e84547562553e28cbe13eb,2026-06-29 12:00:47
primary_doc_8.xml,Other,FY2023,N/A,14214,13.88 KB,.xml,N/A,FY2023\Other\primary_doc_8.xml,b9dd2817c85958421f9eee25a50179b9,380e7fd5ef883c4281843e0f6ab309f2c1ecfee8204752320d60f7c3d71a286e,2026-06-29 12:00:26
wk-form3_1709335848.xml,Other,FY2023,N/A,11983,11.70 KB,.xml,N/A,FY2023\Other\wk-form3_1709335848.xml,71f912b1656e7bffe0e393aa8e123c93,60a18fa785e9a9788464a5ca350621f1ec04bbac4b598f3ac3af2631946e4780,2026-06-29 12:03:09
wk-form4_1696381345.xml,Other,FY2023,N/A,26586,25.96 KB,.xml,N/A,FY2023\Other\wk-form4_1696381345.xml,56188adf9986d348503ea64fa18a2fc7,241fc438e3241c7668554c106ccc982d25597b54a15f829a540d575cf4e57383,2026-06-29 12:06:11
wk-form4_1696381457.xml,Other,FY2023,N/A,27343,26.70 KB,.xml,N/A,FY2023\Other\wk-form4_1696381457.xml,499bf1354ce0addff45c3a942652a08c,2f85b4e13724aaa4bb59b0a4f0d811bfc6f7b09b6ea4d6e0c8680c4dc0dcf19e,2026-06-29 12:06:06
wk-form4_1696381514.xml,Other,FY2023,N/A,16115,15.74 KB,.xml,N/A,FY2023\Other\wk-form4_1696381514.xml,8a371b8eaa762f17a9e9bd69e812e889,335f95d8ed05330ee805630d7b853a5e38425fc50ee60e877ebf16f8c354ebaa,2026-06-29 12:06:01
wk-form4_1696381604.xml,Other,FY2023,N/A,23066,22.53 KB,.xml,N/A,FY2023\Other\wk-form4_1696381604.xml,7b43e7e77d9630848cf88b863929f0ca,0440cbd55565d8edd34c932af7b78568f7e79d557f1943df883520e0453f437d,2026-06-29 12:05:53
wk-form4_1696381688.xml,Other,FY2023,N/A,25459,24.86 KB,.xml,N/A,FY2023\Other\wk-form4_1696381688.xml,ca78bede88fc0877f0fe94c6433d455e,e097afb3317fcc116b42b07e7587df12075be4ef19a316fd1d76be0e3287de7a,2026-06-29 12:05:50
wk-form4_1696381746.xml,Other,FY2023,N/A,23404,22.86 KB,.xml,N/A,FY2023\Other\wk-form4_1696381746.xml,1ae9cc6ef1d1555ba3c63afe1632944c,0dd5c29f174c578f3d03ab807d90df16a5dbffa6ccdef6002bf226c99d0a4de6,2026-06-29 12:05:47
wk-form4_1696977012.xml,Other,FY2023,N/A,18156,17.73 KB,.xml,N/A,FY2023\Other\wk-form4_1696977012.xml,792e5e1b9dbf2ba1bd7131043f6a27e9,b319a84746a993b3c2321f3380ddee14b516d3d582f8d5aea95163017ae3ed48,2026-06-29 12:05:34
wk-form4_1696977071.xml,Other,FY2023,N/A,15612,15.25 KB,.xml,N/A,FY2023\Other\wk-form4_1696977071.xml,165a3d39d05af19e1e62956ab62973f7,8da53067f1b3276d41b62173c4d7732ffdcee5e3d993b5583915c98e792487cd,2026-06-29 12:05:22
wk-form4_1697581839.xml,Other,FY2023,N/A,22192,21.67 KB,.xml,N/A,FY2023\Other\wk-form4_1697581839.xml,46d4fe59568ca9bbb8a1c1378334ec62,4bd2b0f1b0b22f2c8c8b496e4dd98ca73c69458b2e652154483ae988069721ee,2026-06-29 12:05:14
wk-form4_1700004649.xml,Other,FY2023,N/A,15699,15.33 KB,.xml,N/A,FY2023\Other\wk-form4_1700004649.xml,8e7acd717b83df95ac2eefcc8fa6b717,7023e412549a5619b868c7bf6c751e202288ad80d79fd9478f221c9f7bf27a3c,2026-06-29 12:04:59
wk-form4_1700523067.xml,Other,FY2023,N/A,17205,16.80 KB,.xml,N/A,FY2023\Other\wk-form4_1700523067.xml,380892b6b89a54718987915820c2925f,c4a50383241aa5b5a5f4f2a788a7ed1611eb82e86bd816c1f2dc5ee45223c383,2026-06-29 12:04:57
wk-form4_1701473530.xml,Other,FY2023,N/A,15227,14.87 KB,.xml,N/A,FY2023\Other\wk-form4_1701473530.xml,a30b428b8fbb4f98078686ab26e32244,35110ab07c3e112fdafd429fbeb7a1825093ffb25efd7e3c312d12a41c4d3f54,2026-06-29 12:04:51
wk-form4_1707175857.xml,Other,FY2023,N/A,16643,16.25 KB,.xml,N/A,FY2023\Other\wk-form4_1707175857.xml,4a8a410fd541e8a67f29a700bd8f392c,e95a440d9265b59fd0fda32a2f0f977f0e5db238f3fc11f512130c7a76de2fdf,2026-06-29 12:04:08
wk-form4_1707175909.xml,Other,FY2023,N/A,16649,16.26 KB,.xml,N/A,FY2023\Other\wk-form4_1707175909.xml,c079bca8f6ca7e0029ac9c3eee8d2998,9ece1d344dae1e508949f249e3f8db14f48901467508aff7aba6a2377a708ef8,2026-06-29 12:04:05
wk-form4_1707175959.xml,Other,FY2023,N/A,16639,16.25 KB,.xml,N/A,FY2023\Other\wk-form4_1707175959.xml,d764b1f7e12229e0dc63cedc7512dc41,b96a24f861556ed91dd6abc95b56635684966f80e939cf256b20a3277c468ddc,2026-06-29 12:03:59
wk-form4_1707176011.xml,Other,FY2023,N/A,16640,16.25 KB,.xml,N/A,FY2023\Other\wk-form4_1707176011.xml,dba1cd4fe02686aee29edf2716fbaaa6,8f189b3f53a7ef9a985a6678cc2b36814d43ed92bd23a9c32fe895716e5460af,2026-06-29 12:03:52
wk-form4_1707176086.xml,Other,FY2023,N/A,17088,16.69 KB,.xml,N/A,FY2023\Other\wk-form4_1707176086.xml,03721e09baf32d01b692a7464b883fb6,b8068ed89e2c3fef7e936e297288c359df60eef37e7d9b30cc4d020b711a2725,2026-06-29 12:03:50
wk-form4_1707176141.xml,Other,FY2023,N/A,16648,16.26 KB,.xml,N/A,FY2023\Other\wk-form4_1707176141.xml,57f4689d42926fc570a55d3b06902c82,09d56415a5e5159358f583218e857a1c88abf35f41faf3d2d313411430e1f163,2026-06-29 12:03:46
wk-form4_1707176183.xml,Other,FY2023,N/A,16648,16.26 KB,.xml,N/A,FY2023\Other\wk-form4_1707176183.xml,e240cc25aa34ca809eb4307dbe8bb51a,0c3e49eb7464cd4b9bd1a9b2ea7e1b415d995d797815511f84eacc9474e3e1aa,2026-06-29 12:03:42
wk-form4_1707176223.xml,Other,FY2023,N/A,17524,17.11 KB,.xml,N/A,FY2023\Other\wk-form4_1707176223.xml,677f207199eeba6630bb3e99a21f82ab,79a5104d7c98212636ab06c09cfb1dd2f1e05d962be1ae718f4b58ed91d31ede,2026-06-29 12:03:39
wk-form4_1709335906.xml,Other,FY2023,N/A,16149,15.77 KB,.xml,N/A,FY2023\Other\wk-form4_1709335906.xml,04d792fd90d37fb0b967a16d9f26cca3,2750f57bf1d8f2055f94206c86479162013d04245ae15fb3fcb12dca55daa04a,2026-06-29 12:03:04
wk-form4_1709335956.xml,Other,FY2023,N/A,16142,15.76 KB,.xml,N/A,FY2023\Other\wk-form4_1709335956.xml,b5a4f7c04e3f22913ebf9919c889ef15,7171fb71723b7302a80d8b780da424a39d77040ca5194c339f20b3422202fb7e,2026-06-29 12:03:01
wk-form4_1709336002.xml,Other,FY2023,N/A,16142,15.76 KB,.xml,N/A,FY2023\Other\wk-form4_1709336002.xml,f3d42afeed3a27c7d7ecade5faa69d5e,9b4422f61d3b591fd038399e1fe1b09b0fe3bc22f6d4a93f3f2e4ca4597b32e0,2026-06-29 12:02:58
wk-form4_1709336072.xml,Other,FY2023,N/A,17678,17.26 KB,.xml,N/A,FY2023\Other\wk-form4_1709336072.xml,e8f1edd8a127fe033901335b1d23fcd6,491a3ba785337a9a55118e90ada6922d4e0b7f661523a8cc9072387aa0371ba2,2026-06-29 12:02:56
wk-form4_1709336113.xml,Other,FY2023,N/A,16151,15.77 KB,.xml,N/A,FY2023\Other\wk-form4_1709336113.xml,66c4a591a3bf924f96be974a3389f422,51a6dcecf1bcee57504fe7f4fdd9acdd4ec376b6c4eb20da969170f9b784e778,2026-06-29 12:02:53
wk-form4_1709336160.xml,Other,FY2023,N/A,16149,15.77 KB,.xml,N/A,FY2023\Other\wk-form4_1709336160.xml,884e2820435ac71300e09ce180f667e1,53d268f8c5ede237cce4f9becbfe1c250bc18795e1838acfeb6d47330d788199,2026-06-29 12:02:48
wk-form4_1709336196.xml,Other,FY2023,N/A,16144,15.77 KB,.xml,N/A,FY2023\Other\wk-form4_1709336196.xml,fd5d11529f90698bf30a468e19e7d57c,e28d2ca419a26b9bbb478a0895cf6c76ff485222960e6cecd0313c6da7b9ca0b,2026-06-29 12:02:45
wk-form4_1712183434.xml,Other,FY2023,N/A,22077,21.56 KB,.xml,N/A,FY2023\Other\wk-form4_1712183434.xml,19ee393f96a588bcffed39fbbe6670a5,955bdd68938bc10c8945f79147c6e38c5dec83fa2c56409274f1e865c8463fba,2026-06-29 12:02:25
wk-form4_1712183493.xml,Other,FY2023,N/A,21631,21.12 KB,.xml,N/A,FY2023\Other\wk-form4_1712183493.xml,b52dae2d396775584811945469fea177,d96d538cee0e557ea4e050b7100de60b3908117b7f354ba269c43e5a3a3c299b,2026-06-29 12:02:21
wk-form4_1712183535.xml,Other,FY2023,N/A,20783,20.30 KB,.xml,N/A,FY2023\Other\wk-form4_1712183535.xml,8b5be6bed54587d6358f6e036d95a73b,949cd7c8ec23750b9e080f7315e9ef5c6cd628e068538b573481aa8d74dd9f2f,2026-06-29 12:02:15
wk-form4_1712183580.xml,Other,FY2023,N/A,22072,21.55 KB,.xml,N/A,FY2023\Other\wk-form4_1712183580.xml,95f2ac6ad11224a5f57abb570f0fd61a,50e1f5d1238e6cc63245a5ba8c00f5831c1e1aaefc1449e1a43192ecba77e10e,2026-06-29 12:02:12
wk-form4_1712183631.xml,Other,FY2023,N/A,20972,20.48 KB,.xml,N/A,FY2023\Other\wk-form4_1712183631.xml,0f5b9aa4ffa5946d61c8c125779dd5d2,e7c6bcf8c72e59f35a1eca26d17d208e1bed4396a773eaa6ec56d457296211cf,2026-06-29 12:02:07
wk-form4_1713220215.xml,Other,FY2023,N/A,18183,17.76 KB,.xml,N/A,FY2023\Other\wk-form4_1713220215.xml,80fa863ed91c6c2ca9a0dc5c820f2a8c,bb64c73da480832ab5bcdb11b77d482aa506a1a8afc8bfacca47d2fd50873c37,2026-06-29 12:01:31
wk-form4_1713220262.xml,Other,FY2023,N/A,16073,15.70 KB,.xml,N/A,FY2023\Other\wk-form4_1713220262.xml,d4f2e8f9523c5430a918696cebc7556f,1257fcf9c825453e1dafd19c42d3dc3c34fdf41b7c13f1e786e7726fcea31bb8,2026-06-29 12:01:28
wk-form4_1713393040.xml,Other,FY2023,N/A,22263,21.74 KB,.xml,N/A,FY2023\Other\wk-form4_1713393040.xml,efff76222cae5144c3a4fffbbce5973f,79ebd9a48d435aa9b4127ac9749a20cf11ac1d78d5755c6e25263e2e7b2b3be9,2026-06-29 12:01:25
wk-form4_1715725806.xml,Other,FY2023,N/A,15233,14.88 KB,.xml,N/A,FY2023\Other\wk-form4_1715725806.xml,9cc6be8a2e82fcbb0e7a86c5c036af46,9138125021d7858a96dfe6cef1b34de1d33221759b2b10875bb5a3096f38a958,2026-06-29 12:01:05
wk-form4_1715985021.xml,Other,FY2023,N/A,15231,14.87 KB,.xml,N/A,FY2023\Other\wk-form4_1715985021.xml,5c4409701190caddb02063699cf10ce7,9998923c9bd09b6470f09fe3b6667bcbb9bc494912e16c9239c2f2155be1cc3f,2026-06-29 12:00:54
wk-form4_1717453877.xml,Other,FY2023,N/A,16119,15.74 KB,.xml,N/A,FY2023\Other\wk-form4_1717453877.xml,330541a82013fac589ea0de86eb51a83,01677dacaa26b23637d3f4cdb4d84bd82c283074770e8e99f5ed9eb89a3e51bc,2026-06-29 12:00:43
wk-form4_1723069808.xml,Other,FY2023,N/A,17376,16.97 KB,.xml,N/A,FY2023\Other\wk-form4_1723069808.xml,0e7e2502024b619c6e31dc53da51bcc7,36a3d23baaec00730a6d87dab9ac6270e49621d16f85f712f8e05a6d15d33c01,2026-06-29 12:00:23
wk-form4_1723590126.xml,Other,FY2023,N/A,15576,15.21 KB,.xml,N/A,FY2023\Other\wk-form4_1723590126.xml,7935d677b59a317fd993fbeee22194c7,a42c2d7e368f0e91d6b2bd7d1d3f8c6474868328df6f37fe131003f1f2cd7e9c,2026-06-29 12:00:20
wk-form4_1724106610.xml,Other,FY2023,N/A,15227,14.87 KB,.xml,N/A,FY2023\Other\wk-form4_1724106610.xml,10f1b6f12cf77332e8d00fe7fa941243,b7bc1a876567c62caba5c09729bac3397d26cef5023ef83218d47df686252617,2026-06-29 12:00:07
2024-11-01_10-K.htm,10-K,FY2024,N/A,1503780,1.43 MB,.htm,N/A,FY2024\10-K\2024-11-01_10-K.htm,bf6ea69966b96dfd56f1d7d5430eee57,24a830a0f1256e371d36a1f7f72e5e85a38037d1de2f6f966eb8457db42ff6d6,2026-06-29 11:58:45
FY2024_10-K.pdf,10-K,FY2024,N/A,963934,941.34 KB,.pdf,N/A,FY2024\10-K\FY2024_10-K.pdf,fe3d4f89b92a891cf5c055a7fd627da9,319e1217afe72f194575e63350ea6c813eaf5caf0c24e59ce8b221fc1b3ea0d4,2026-06-29 13:11:34
2025-01-31_10-Q_Q2.htm,10-Q,FY2024,N/A,732589,715.42 KB,.htm,N/A,FY2024\10-Q\2025-01-31_10-Q_Q2.htm,cf884a77f6d04ee75ba5d9267934cddd,10abe53ba46cce356998a00137424b3e20c682fd7575ab3fc0b66941e723ef5d,2026-06-29 11:57:14
2025-05-02_10-Q_Q3.htm,10-Q,FY2024,N/A,889977,869.12 KB,.htm,N/A,FY2024\10-Q\2025-05-02_10-Q_Q3.htm,3086a3b2791b9daff0b43a898da117b1,2fd930cba232625de5067cfc04fb106095715b23e34d3a0165e08734c0082083,2026-06-29 11:54:54
2025-08-01_10-Q_Q4.htm,10-Q,FY2024,N/A,888048,867.23 KB,.htm,N/A,FY2024\10-Q\2025-08-01_10-Q_Q4.htm,a6cd918fe1a9244b868d5b151169678b,ec86034c4029ea892d587f95cf5c9c2e3a08228929fbabf269dec3c1cb26d768,2026-06-29 11:54:07
FY2024_10-Q_Q1.pdf,10-Q,FY2024,N/A,304233,297.10 KB,.pdf,N/A,FY2024\10-Q\FY2024_10-Q_Q1.pdf,569a23a2c12155c085ff205038a5c06a,5f376999901424789640bcfb1a4b6b0bd0c30b525639f2a39f0fcd6deda5c64b,2026-06-29 13:11:46
FY2024_10-Q_Q2.pdf,10-Q,FY2024,N/A,338176,330.25 KB,.pdf,N/A,FY2024\10-Q\FY2024_10-Q_Q2.pdf,0053c926726319a948adf81a002172f9,cfd559820cdaf53639a8cd5bff9c3e06ededfe44e113fd3873a061626f8dc90b,2026-06-29 13:12:41
FY2024_10-Q_Q3.pdf,10-Q,FY2024,N/A,333438,325.62 KB,.pdf,N/A,FY2024\10-Q\FY2024_10-Q_Q3.pdf,71bab39d7d854d0f79a2156edf8af039,d65c0203458ef4ddd5d80f55e6c65a99280c7439b792be3b592459f4abaf7da7,2026-06-29 13:12:45
20250103_ef20040370_8k.htm,8-K,FY2024,2025-01-03,42802,41.80 KB,.htm,https://www.sec.gov/Archives/edgar/data/320193/20250103/20250103_ef20040370_8k.htm,FY2024\8-K\20250103_ef20040370_8k.htm,3ab08f9bb9232d716e330a32cf55ec3d,98aa691fc2d8f61319c5586eeaede64aa7dc5f45bb8fd12153ed448799fb5a98,2026-06-29 11:57:39
20250225_ef20044022_8k.htm,8-K,FY2024,2025-02-25,70379,68.73 KB,.htm,https://www.sec.gov/Archives/edgar/data/320193/20250225/20250225_ef20044022_8k.htm,FY2024\8-K\20250225_ef20044022_8k.htm,d67a1028e0efd4f8031c782b2fef564f,2f2ad21836cd82de4be3d2686214d6ba50c69f42170b307bdd8f5a610ee49305,2026-06-29 11:56:25
20250512_ef20048691_8k.htm,8-K,FY2024,2025-05-12,49403,48.25 KB,.htm,https://www.sec.gov/Archives/edgar/data/320193/20250512/20250512_ef20048691_8k.htm,FY2024\8-K\20250512_ef20048691_8k.htm,56af44843468d787fb813952d3f679fe,a8b69068abd6d69b36f23724a93a9931331f10545f03e568a3f07e7e538e63df,2026-06-29 11:54:33
20250709_ef20051741_8k.htm,8-K,FY2024,2025-07-09,38186,37.29 KB,.htm,https://www.sec.gov/Archives/edgar/data/320193/20250709/20250709_ef20051741_8k.htm,FY2024\8-K\20250709_ef20051741_8k.htm,40b3feafcb919fbacb6beb1ad2d68c66,4a9113aae9957db0c667abead95d90f53d9fb73c2f2e5eb77d913b304a874903,2026-06-29 11:54:22
20250725_ef20052355_8k.htm,8-K,FY2024,2025-07-25,39695,38.76 KB,.htm,https://www.sec.gov/Archives/edgar/data/320193/20250725/20250725_ef20052355_8k.htm,FY2024\8-K\20250725_ef20052355_8k.htm,12ef5e69beaa14b4cb6798c2e94d1189,d789748978127ddf4d3449bcc36a1207289057355d454cbfa296ca6c213c1a9d,2026-06-29 11:54:18
2024-10-31_8-K.htm,8-K,FY2024,N/A,40452,39.50 KB,.htm,N/A,FY2024\8-K\2024-10-31_8-K.htm,a26865f7b8b44cf3791e41af9f382605,a971a9907cdebd66760426fc9fbd5beafa1331f55f92dcd040aa32603194afe6,2026-06-29 11:58:48
2025-01-30_8-K.htm,8-K,FY2024,N/A,40450,39.50 KB,.htm,N/A,FY2024\8-K\2025-01-30_8-K.htm,bcfe4642689b61a4d515f7a50ba1bcbd,f8c691803289773c61cd14a59e5c15e989377a929218cc27c9b8895e005a5cb0,2026-06-29 11:57:17
2025-05-01_8-K.htm,8-K,FY2024,N/A,40428,39.48 KB,.htm,N/A,FY2024\8-K\2025-05-01_8-K.htm,ce057bea7eecd46f1c6ae5d4b8815f7e,1ea2dd64136c1ebc4e2b87c573ee8797f0091b5e0b46215c0c1daf51c3099ecb,2026-06-29 11:55:00
2025-07-31_8-K.htm,8-K,FY2024,N/A,39036,38.12 KB,.htm,N/A,FY2024\8-K\2025-07-31_8-K.htm,2acba49b662f645039d327aa2c2e380a,235b558e3558f888ff7d6db3d151e2c0439a9fe7d22adb5275667546ce898bf9,2026-06-29 11:54:09
2025-01-10_DEF-14A.htm,DEF-14A,FY2024,N/A,1230838,1.17 MB,.htm,N/A,FY2024\DEF-14A\2025-01-10_DEF-14A.htm,001a41f55951f30d194339c3ffb5acfa,56d04820321ac54876303feece2130a9fb668be6bf01be9712fbcd0c8a89d5ba,2026-06-29 11:57:33
2025-01-10_DEF-14A_1.htm,DEF-14A,FY2024,N/A,42206,41.22 KB,.htm,N/A,FY2024\DEF-14A\2025-01-10_DEF-14A_1.htm,056efba6c6b3f9fcd36bd742ed852dc4,ddfec9b5a1b387370dcc84047a5a8002b75712f8f11586d773151d66a6bdcc3b,2026-06-29 11:57:28
20241101_ny20033611x4_s3asr.htm,Other,FY2024,2024-11-01,296744,289.79 KB,.htm,https://www.sec.gov/Archives/edgar/data/320193/20241101/20241101_ny20033611x4_s3asr.htm,FY2024\Other\20241101_ny20033611x4_s3asr.htm,387d01d3abac2ec853e6542deb6511a1,621e4841f475d527e4a4a99b431fa5f189556df39143fb13d10a1dd85051d4f6,2026-06-29 11:58:40
20250129_nlpc_px14a6g.htm,Other,FY2024,2025-01-29,54026,52.76 KB,.htm,https://www.sec.gov/Archives/edgar/data/320193/20250129/20250129_nlpc_px14a6g.htm,FY2024\Other\20250129_nlpc_px14a6g.htm,5c052c8ffe778a4c100fe59cf3299548,2d9f06f3b00d125132978e0f2d63bbff98cbcfabccb38d264822e0d5105faa09,2026-06-29 11:57:20
20250213_bowy_px14a6g.htm,Other,FY2024,2025-02-13,16925,16.53 KB,.htm,https://www.sec.gov/Archives/edgar/data/320193/20250213/20250213_bowy_px14a6g.htm,FY2024\Other\20250213_bowy_px14a6g.htm,49cc8eadade962fa5a1f54c759824f06,6824c20e38b234c323c254984b17ffa36e56aaf5d39ad2e6f530f43a6e883806,2026-06-29 11:56:37
20250404_ef20046400_sd.htm,Other,FY2024,2025-04-04,16337,15.95 KB,.htm,https://www.sec.gov/Archives/edgar/data/320193/20250404/20250404_ef20046400_sd.htm,FY2024\Other\20250404_ef20046400_sd.htm,e76b1755279c6e8354f73a5f12519bb1,3ee90aea26a903ec847ae7c1b3f87ec1d3d0a7666bfd3c4f062285055b182f30,2026-06-29 11:55:23
20250505_ny20048442x1_424b2.htm,Other,FY2024,2025-05-05,467306,456.35 KB,.htm,https://www.sec.gov/Archives/edgar/data/320193/20250505/20250505_ny20048442x1_424b2.htm,FY2024\Other\20250505_ny20048442x1_424b2.htm,0c2119b0b1017cd02efb757782a70a25,058ba7fef99b0f2402ea5a27926332da2992c5f045bd29a086c5c63e31411ff6,2026-06-29 11:54:46
20250506_ny20048442x2_fwp.htm,Other,FY2024,2025-05-06,65292,63.76 KB,.htm,https://www.sec.gov/Archives/edgar/data/320193/20250506/20250506_ny20048442x2_fwp.htm,FY2024\Other\20250506_ny20048442x2_fwp.htm,c8bccec1b734d02778ad120064c934bf,fe6ce95dbb11af1e624750729f058345a97f42f62c1278a5bc15477e7230067a,2026-06-29 11:54:42
20250506_ny20048442x3_424b2.htm,Other,FY2024,2025-05-06,507991,496.08 KB,.htm,https://www.sec.gov/Archives/edgar/data/320193/20250506/20250506_ny20048442x3_424b2.htm,FY2024\Other\20250506_ny20048442x3_424b2.htm,ce894b946637947b19c16a4e4ab9f4ed,7f0a51dbead435298add9aaded9e5f01655da3c0f0908d7cde5355ee1501cf94,2026-06-29 11:54:40
20250926_ef20049213_s8.htm,Other,FY2024,2025-09-26,77360,75.55 KB,.htm,https://www.sec.gov/Archives/edgar/data/320193/20250926/20250926_ef20049213_s8.htm,FY2024\Other\20250926_ef20049213_s8.htm,5d7dd1f0434f6305dd9e72926a526789,1979a71077171873aa53a9e5594353db778e97a43f8d3ef6c8a394981533c9e4,2026-06-29 11:53:33
20250926_ef20049219_s8.htm,Other,FY2024,2025-09-26,47964,46.84 KB,.htm,https://www.sec.gov/Archives/edgar/data/320193/20250926/20250926_ef20049219_s8.htm,FY2024\Other\20250926_ef20049219_s8.htm,c616b74ef1edd2c5b52d3944f36d7cb7,931bbbfa754d384bf1b01a57c2b56ddd0620042a4d66f539e72e9a9c0fd49693,2026-06-29 11:53:19
primary_doc.xml,Other,FY2024,N/A,11482,11.21 KB,.xml,N/A,FY2024\Other\primary_doc.xml,b886407a0212ccd31c13c99a69fe22cc,c4429c8c4ea2ece7ed9607951d0952cbc81f5546ffc788f294c2e809fe764c70,2026-06-29 11:59:24
primary_doc_1.xml,Other,FY2024,N/A,11131,10.87 KB,.xml,N/A,FY2024\Other\primary_doc_1.xml,8f631018e08023d7d9eab4d6f1397e99,1d683bda5ef3dc6ac6747ff8514c607cf667cfbb9366981406960c8ef3039ef2,2026-06-29 11:58:58
primary_doc_10.xml,Other,FY2024,N/A,26358,25.74 KB,.xml,N/A,FY2024\Other\primary_doc_10.xml,054db2fd5383c254a325714ee0b9c140,0c350bc8365569cbb9e36ba8b8a9f3c923032f20d673cd1f8d36daee0bc40255,2026-06-29 11:54:12
primary_doc_11.xml,Other,FY2024,N/A,10914,10.66 KB,.xml,N/A,FY2024\Other\primary_doc_11.xml,9769fe61d708cea42f8ebf5d0cc615a0,2e08c62ad24206e214d42926d764a69b6165f8d5eab27230ed92f2da5d078d76,2026-06-29 11:54:00
primary_doc_12.xml,Other,FY2024,N/A,10766,10.51 KB,.xml,N/A,FY2024\Other\primary_doc_12.xml,b24743aaef25726f4b74b5c65cc29008,1c12f54ee4d851f6e40c8e846ac364a2adcb629c7b8da23ddb21cea3154ca298,2026-06-29 11:53:43
primary_doc_2.xml,Other,FY2024,N/A,10765,10.51 KB,.xml,N/A,FY2024\Other\primary_doc_2.xml,9ccd1b250143bc1341a05f717503ea4c,2d425076f2e796aa486c504a4e70fe202bad4ef8c3c27b4c6b9eeaec088042c1,2026-06-29 11:58:32
primary_doc_3.xml,Other,FY2024,N/A,11356,11.09 KB,.xml,N/A,FY2024\Other\primary_doc_3.xml,22579d5942e86f3985c558926e64b20c,256a7b14915b55b58af66f2f40856a83785cfaa05bb22e60a4402deababc2fd2,2026-06-29 11:58:21
primary_doc_4.xml,Other,FY2024,N/A,11694,11.42 KB,.xml,N/A,FY2024\Other\primary_doc_4.xml,68376ec9b21cd0ed4f3e4a12d99253f7,f14f010ea737c2bf9d894a327c7bf7c3fe3aa7b5a7f71ae419f9da5a0ceb415f,2026-06-29 11:58:04
primary_doc_5.xml,Other,FY2024,N/A,13548,13.23 KB,.xml,N/A,FY2024\Other\primary_doc_5.xml,b11f1da4cb0d813eef6a3e5f3639bd19,4da971bc1c89d3d3872b8949f7a9e3ac7963d509c9ddc3d8330d568959c8300b,2026-06-29 11:57:53
primary_doc_6.xml,Other,FY2024,N/A,12045,11.76 KB,.xml,N/A,FY2024\Other\primary_doc_6.xml,8b4adc9bb1209c0888ba0a0a5c5059e5,9df3113669c616247b88e5fb90f4fcc9ae875ae919807ac9b07e7c89bfad9078,2026-06-29 11:57:10
primary_doc_7.xml,Other,FY2024,N/A,10898,10.64 KB,.xml,N/A,FY2024\Other\primary_doc_7.xml,b09af84b3fd0be372c9089ab3b691566,e171ec7fd5555f3f0068bf6d9fa14ac44f1a7e30528561a41a9f202be2915650,2026-06-29 11:55:39
primary_doc_8.xml,Other,FY2024,N/A,10885,10.63 KB,.xml,N/A,FY2024\Other\primary_doc_8.xml,f597ef89e3dd543e7f6d31f1f45ff4af,5b12bf923a5085e1c3f6c7d3812250e66f13f85229b3c825421d703284018ee5,2026-06-29 11:55:14
primary_doc_9.xml,Other,FY2024,N/A,10106,9.87 KB,.xml,N/A,FY2024\Other\primary_doc_9.xml,26bbef9f0af82a699b3b33542bcfe0b2,ec8ce4ba69fb84d4cbf34af821ae44ce598a1c112ce79bdbaea95ffe849d51f7,2026-06-29 11:54:27
wk-form3_1736551805.xml,Other,FY2024,N/A,16798,16.40 KB,.xml,N/A,FY2024\Other\wk-form3_1736551805.xml,b3434a5146d48e3a336c2dfaacbf54ec,eb1ce15e1f74f1d1e75c2023eb3913b422f908ab4d8ea0e80dbe687f07c684ee,2026-06-29 11:57:23
wk-form3_1753482781.xml,Other,FY2024,N/A,19554,19.10 KB,.xml,N/A,FY2024\Other\wk-form3_1753482781.xml,88aba6ecae558837c6104bd49185e88f,048e3d49ba37adcae80ddbf4ed7e83035ecbac9c45a0df19dd76142e716cd881,2026-06-29 11:54:15
wk-form4_1727821838.xml,Other,FY2024,N/A,19155,18.71 KB,.xml,N/A,FY2024\Other\wk-form4_1727821838.xml,0ebd0a4b9c759cf13c2816e3ef8bea21,ea9032fccbba2e8c7ab22c470162a7019ac422bf4dc0b88d1e09bc64ab661422,2026-06-29 11:59:51
wk-form4_1727821902.xml,Other,FY2024,N/A,17706,17.29 KB,.xml,N/A,FY2024\Other\wk-form4_1727821902.xml,b3e6b85900cbd5da3116bcad9630f912,2877c01a0287d473b1df6390078cbae71905ed430c90d964a9fe6cda6d599344,2026-06-29 11:59:44
wk-form4_1727821948.xml,Other,FY2024,N/A,17695,17.28 KB,.xml,N/A,FY2024\Other\wk-form4_1727821948.xml,4425772e3aa0b80ddf8e880423163d56,ca34b68f4021848ff44aa7f7b7ac46eabe6497ba93acd7c5880620ffc410e9f5,2026-06-29 11:59:41
wk-form4_1727821995.xml,Other,FY2024,N/A,17712,17.30 KB,.xml,N/A,FY2024\Other\wk-form4_1727821995.xml,0baee4018c1331aaf55d6d9b3816af26,83cf540029b3b2efd622bfe5edc388aaa44147825f2a30aaa3dcd86e4a60a9e9,2026-06-29 11:59:39
wk-form4_1727822040.xml,Other,FY2024,N/A,16230,15.85 KB,.xml,N/A,FY2024\Other\wk-form4_1727822040.xml,0a9ff8c855c0bb7dc183a79c9924acb5,fd14afb0973dfb48cc905640e950720afdf7af07378c6dc1801418519ae7bc51,2026-06-29 11:59:36
wk-form4_1727822082.xml,Other,FY2024,N/A,17743,17.33 KB,.xml,N/A,FY2024\Other\wk-form4_1727822082.xml,e7dcbb8b25ae31fd7700457de2f91729,6d251db8158d74c4cd6496d6aa1764185bc8cb12bdeaccfc5bcf671034412100,2026-06-29 11:59:33
wk-form4_1727994612.xml,Other,FY2024,N/A,22549,22.02 KB,.xml,N/A,FY2024\Other\wk-form4_1727994612.xml,d92a21d4351527e5e0e4dcf6870fe4b3,53f808b84562d514039b5baf2a8ca219dd37f79cb8a952a69a0307db12e6f455,2026-06-29 11:59:19
wk-form4_1727994624.xml,Other,FY2024,N/A,25233,24.64 KB,.xml,N/A,FY2024\Other\wk-form4_1727994624.xml,92975a1e1d48fa291e2672767a960aca,fefc4b2cc4929afc067baf09844300cae01e07fe1a7dfabb06f4c3dc58a39332,2026-06-29 11:59:15
wk-form4_1727994634.xml,Other,FY2024,N/A,25924,25.32 KB,.xml,N/A,FY2024\Other\wk-form4_1727994634.xml,68385ce0b9114103f3761f5c2a1653da,5551ed05d7b0a086e6e9ea17464b46eb10d072ff62c38e6821b0114f6c635a74,2026-06-29 11:59:08
wk-form4_1727994644.xml,Other,FY2024,N/A,20137,19.67 KB,.xml,N/A,FY2024\Other\wk-form4_1727994644.xml,e370315532d4ef68ba768f9b187ed796,17354d412870a8b24d07674e775887585dea580bfcb77efbfa04a34b7b4549c0,2026-06-29 11:59:06
wk-form4_1727994654.xml,Other,FY2024,N/A,22838,22.30 KB,.xml,N/A,FY2024\Other\wk-form4_1727994654.xml,59384dd757bd9f95fee103a9e0005471,bda321e119db15fa91eaf9159327be2804363dd0327fec526e772896fdf255e7,2026-06-29 11:59:02
wk-form4_1728426607.xml,Other,FY2024,N/A,15937,15.56 KB,.xml,N/A,FY2024\Other\wk-form4_1728426607.xml,1d72db03783e8ee143b3827f96ea87d3,ecc088e50fa59fd935683ddc3929600dc1e248c4077a7ff1d907eb00f14d6d10,2026-06-29 11:58:53
wk-form4_1729204211.xml,Other,FY2024,N/A,21841,21.33 KB,.xml,N/A,FY2024\Other\wk-form4_1729204211.xml,7b1b4c0811fb10607f978cbd8da9ac65,093ba376190b619358163e2f4865edd547d819e454e8c6c160f6c1d562cdde14,2026-06-29 11:58:51
wk-form4_1731022209.xml,Other,FY2024,N/A,15233,14.88 KB,.xml,N/A,FY2024\Other\wk-form4_1731022209.xml,8927bfc226b4ed7904a39be0ef2a6456,77469f65d80bf271bc7b6e78d28b661e089c41ab5b68b1d349caaeeec3792c1f,2026-06-29 11:58:37
wk-form4_1732059042.xml,Other,FY2024,N/A,15230,14.87 KB,.xml,N/A,FY2024\Other\wk-form4_1732059042.xml,b6453e862db1ee52c35fd04ec104832e,b7466bee83f0e8317435f2089bb164d4b51d0de55577d1bddfb421ffbf5d7887,2026-06-29 11:58:01
wk-form4_1732059096.xml,Other,FY2024,N/A,18269,17.84 KB,.xml,N/A,FY2024\Other\wk-form4_1732059096.xml,42995480e5febaa6cb4cc69aa54019b6,97a7512659adbf4f51cd829692300267ab139078d640134a033d77ae681bec04,2026-06-29 11:57:57
wk-form4_1734564614.xml,Other,FY2024,N/A,19589,19.13 KB,.xml,N/A,FY2024\Other\wk-form4_1734564614.xml,e6c012e7ddbd0e68c2bc113da15cbd6d,d956b8f08d36dd8386a14cb039a7160b44b8fc49026b8f03e733d83ad7481b01,2026-06-29 11:57:44
wk-form4_1738711872.xml,Other,FY2024,N/A,16649,16.26 KB,.xml,N/A,FY2024\Other\wk-form4_1738711872.xml,e4d06679d0c25e7a6da8f43a72019240,874d2f0a3349ca97eb93eefa84195b156146a856f6d2cf8e23687953d5f57e9a,2026-06-29 11:57:06
wk-form4_1738711922.xml,Other,FY2024,N/A,16642,16.25 KB,.xml,N/A,FY2024\Other\wk-form4_1738711922.xml,eed42dc37c4f2a0ec83a59f40e0bf366,d1c067c2a766d5dcd2e4a8b28b833dfb2f999eef1b8feca59248a8e51f771936,2026-06-29 11:56:59
wk-form4_1738711956.xml,Other,FY2024,N/A,16643,16.25 KB,.xml,N/A,FY2024\Other\wk-form4_1738711956.xml,2a957d080453abbd13d6ff7f278fa2b1,a2aa9c6003014722a27457d6491babb0e0c0b00df6ed9406a488626dc0df565a,2026-06-29 11:56:56
wk-form4_1738711997.xml,Other,FY2024,N/A,17698,17.28 KB,.xml,N/A,FY2024\Other\wk-form4_1738711997.xml,e85d41c4fcbdb5d5dfa0a2ff6c89da72,9fa2fdc16cad52835fc446e10d319e5073f8a2fc78c9c3e4f1235c7525f435ae,2026-06-29 11:56:54
wk-form4_1738712037.xml,Other,FY2024,N/A,16651,16.26 KB,.xml,N/A,FY2024\Other\wk-form4_1738712037.xml,a69342563b6db89a66f68a2e40aa16f4,a92a48d03df09ac59fed09eca42372bf8f755b51b06adc7eeec9812123f005cc,2026-06-29 11:56:47
wk-form4_1738712099.xml,Other,FY2024,N/A,16651,16.26 KB,.xml,N/A,FY2024\Other\wk-form4_1738712099.xml,899d94562996ed976b3f546de8d8628d,4516a644fc87b1a62d44769d51090d2c2c8cd1eec9ac30cce0b3540006237435,2026-06-29 11:56:42
wk-form4_1738712153.xml,Other,FY2024,N/A,17076,16.68 KB,.xml,N/A,FY2024\Other\wk-form4_1738712153.xml,58e024461ada666f2e6097a7620bcab2,a2bfb2892a969b5e44d461b4238ffc373741298f985a6b95222443deb87b3886,2026-06-29 11:56:40
wk-form4_1740699044.xml,Other,FY2024,N/A,16149,15.77 KB,.xml,N/A,FY2024\Other\wk-form4_1740699044.xml,339345e5cc72128fad857fc1446d64a6,f5cc1af8c0209aee8272d07b3f7514405530dac3ab3c008c6c95fbb2fa577d43,2026-06-29 11:56:22
wk-form4_1740699102.xml,Other,FY2024,N/A,16142,15.76 KB,.xml,N/A,FY2024\Other\wk-form4_1740699102.xml,a4bd3cb2df524b42e5c6aee6ec68f103,348e59d50ad2baaff2da23fdde4d2555c085d7fa0db465e1a28a20cd2d49f6be,2026-06-29 11:56:16
wk-form4_1740699149.xml,Other,FY2024,N/A,16142,15.76 KB,.xml,N/A,FY2024\Other\wk-form4_1740699149.xml,203b66cf6c517d726e6d0e057bfca461,d97a0f31f2f3dd63e65d600aeea73466f303704fb4f717eaa2963227e864daa8,2026-06-29 11:56:14
wk-form4_1740699194.xml,Other,FY2024,N/A,16155,15.78 KB,.xml,N/A,FY2024\Other\wk-form4_1740699194.xml,84dfb4f0b9ceb96382ec0ccc0aa960b5,e37881ac8241cd1cf19d9a97a97a0fadcd08535793bf0d322b3ba75f48da4d80,2026-06-29 11:56:11
wk-form4_1740699250.xml,Other,FY2024,N/A,16151,15.77 KB,.xml,N/A,FY2024\Other\wk-form4_1740699250.xml,b0fd96a399b86b823a580e6219c5688e,25e45ebf474091b4e66cc498c67a4081bd16e5494b38bae46b432b27414f0572,2026-06-29 11:56:09
wk-form4_1740699290.xml,Other,FY2024,N/A,16149,15.77 KB,.xml,N/A,FY2024\Other\wk-form4_1740699290.xml,f9c4ed8b1c1b1ed5da7180088d7feebb,bfd3e2afbb334d76e369382256082341c2b5bf56b69684dbf1ab194b4b0973f1,2026-06-29 11:56:04
wk-form4_1740699336.xml,Other,FY2024,N/A,16144,15.77 KB,.xml,N/A,FY2024\Other\wk-form4_1740699336.xml,46654d6536fcff27c05377bd745b64da,fa897c3dc6884fe1dbe6c8bcc40d0e7815f4313bee825851cd60d271ed626221,2026-06-29 11:56:00
wk-form4_1743719480.xml,Other,FY2024,N/A,25310,24.72 KB,.xml,N/A,FY2024\Other\wk-form4_1743719480.xml,634f070352f8e4641346b4fdd026e6be,ca92def4aee1fc611edcc362a0cdfc216a27828be7d7af25d33b4e3ffc181559,2026-06-29 11:55:35
wk-form4_1743719531.xml,Other,FY2024,N/A,25610,25.01 KB,.xml,N/A,FY2024\Other\wk-form4_1743719531.xml,6bef655c4ae4fb60752a2a57db76dbb3,2e03d8ce8ea75a1e199df2c694684bcbb7a363b421650cace3f024cce53b4480,2026-06-29 11:55:33
wk-form4_1743719572.xml,Other,FY2024,N/A,20651,20.17 KB,.xml,N/A,FY2024\Other\wk-form4_1743719572.xml,5b2ac0624cd02a8cf99a5bf4bf36757a,f3fb99660368e0e6cf655bed294741057e83a61402f6aa129a096212db5deca6,2026-06-29 11:55:30
wk-form4_1743719610.xml,Other,FY2024,N/A,24522,23.95 KB,.xml,N/A,FY2024\Other\wk-form4_1743719610.xml,eb17920b54fe4b118dc974c1be554b00,32c6b84fd2d2966ca22565f24c138c961255a2344f7a6dbe5d971457d60bdce0,2026-06-29 11:55:27
wk-form4_1744929066.xml,Other,FY2024,N/A,22277,21.75 KB,.xml,N/A,FY2024\Other\wk-form4_1744929066.xml,ec5915b43f94a47f7d8334b1e57e4064,23ca54d496aff301ad655e240742d7201b356d299de3d92ee6204e6ad998630a,2026-06-29 11:55:21
wk-form4_1744929115.xml,Other,FY2024,N/A,20524,20.04 KB,.xml,N/A,FY2024\Other\wk-form4_1744929115.xml,053a6f515189587954ed447ef8d13bf6,3e51e1c8890009c22c85b75ba7e380027c1e0fcefda9223c0b024ad2513e3814,2026-06-29 11:55:18
wk-form4_1745620207.xml,Other,FY2024,N/A,15464,15.10 KB,.xml,N/A,FY2024\Other\wk-form4_1745620207.xml,b655e7288c5fb560af88a7f8717e1966,dbd5bd77f4ce973d18e1fc264a9b3634c5e0feb0848064e12481bb29ec8b0474,2026-06-29 11:55:04
wk-form4_1747261821.xml,Other,FY2024,N/A,15232,14.88 KB,.xml,N/A,FY2024\Other\wk-form4_1747261821.xml,48b477da2cfed0a57630acdc51d7b07a,588067db2e600137965e684a8ca1324337e54a56ded83b1a521948db5ce28f76,2026-06-29 11:54:30
wk-form4_1755037816.xml,Other,FY2024,N/A,15935,15.56 KB,.xml,N/A,FY2024\Other\wk-form4_1755037816.xml,59f4012240fa5563b9d96e73466bb07a,b67d5836534a8f35b6713bbb3e11681ac84b31d9be81b4c293d4881ee0482be7,2026-06-29 11:53:54
wk-form4_1756333811.xml,Other,FY2024,N/A,15223,14.87 KB,.xml,N/A,FY2024\Other\wk-form4_1756333811.xml,ca2244bc6eb957d04b9706d6ab911dad,d455bb266fc1ad2bf560727bf534ccc9b1e9806a620900561de9f5955c2fde47,2026-06-29 11:53:46
wk-form4_1756506606.xml,Other,FY2024,N/A,16119,15.74 KB,.xml,N/A,FY2024\Other\wk-form4_1756506606.xml,e5879dd44b2c870f2ed01625c78d4fa3,314224fabcce175b43d71b195c6f0940e7ffc88c047910f379f3ac9cdb0362b6,2026-06-29 11:53:38
wk-form4_1759271419.xml,Other,FY2024,N/A,17706,17.29 KB,.xml,N/A,FY2024\Other\wk-form4_1759271419.xml,fbb94db7a4f0551db30e3b58501e0713,e1b2a61cf1af5384361760b2395f739876dee31ee4070caadc5394fe3fbc0ff0,2026-06-29 11:53:12
wk-form4_1759271527.xml,Other,FY2024,N/A,17735,17.32 KB,.xml,N/A,FY2024\Other\wk-form4_1759271527.xml,76525b7118a1b1c1edef52634c63d7fb,b4c856332d2b6eaa92597aa4b5958149ce42cdbd10667520f9ec5d06fce11854,2026-06-29 11:53:09
wk-form4_1759271592.xml,Other,FY2024,N/A,17672,17.26 KB,.xml,N/A,FY2024\Other\wk-form4_1759271592.xml,f34acb028b4dc8f4ed54c139ffcdf109,8ed6283b26debd9356a149b971c05b0522275efb605878a97ad250a699cb8832,2026-06-29 11:53:06
wk-form4_1759271656.xml,Other,FY2024,N/A,17700,17.29 KB,.xml,N/A,FY2024\Other\wk-form4_1759271656.xml,e371fc0be40512928ce5b5c62d5dc2d4,d4e834ab7bd6ce760f80800ee6fac10c1abb9ebba74f2ba6820c9b84e2df361c,2026-06-29 11:53:03
wk-form4_1759271713.xml,Other,FY2024,N/A,17699,17.28 KB,.xml,N/A,FY2024\Other\wk-form4_1759271713.xml,c4f21390d76df2fa0197d9cea8d420f0,51ea770895b43cf92b7976429e31fe328f4fbb5be0cd17576aeee9f592d59d79,2026-06-29 11:52:58
wk-form5_1727822122.xml,Other,FY2024,N/A,15837,15.47 KB,.xml,N/A,FY2024\Other\wk-form5_1727822122.xml,701cfebde0bdb612ae8321269206b1de,31dd41e5095082e8cb6dbef49ac1b9e584e5f7ee7a7f441a498967df2be1a64a,2026-06-29 11:59:28
2025-10-31_10-K.htm,10-K,FY2025,N/A,1520208,1.45 MB,.htm,N/A,FY2025\10-K\2025-10-31_10-K.htm,5e0fca5509c9a82109125b50212c1c7d,548ae59778cf08ee0f2ee088e7ece20d947076c3c01f74d2d65db4c2777e436a,2026-06-29 12:54:22
FY2025_10-K.pdf,10-K,FY2025,N/A,1858048,1.77 MB,.pdf,N/A,FY2025\10-K\FY2025_10-K.pdf,2a854d1dab79239d2b02539bf62ecb0c,3eb270b22acb7d8d8e9c32a43dc221dec3345f8e4bca02755fdbc1ee16c823de,2026-06-29 13:16:11
2026-01-30_10-Q_Q2.htm,10-Q,FY2025,N/A,765973,748.02 KB,.htm,N/A,FY2025\10-Q\2026-01-30_10-Q_Q2.htm,9516126da0ef971bea29148235fc45fd,3a3d9336a924488440e83b811ba354f654738cc822b6eb69ed6063e8cf348542,2026-06-29 12:53:35
2026-05-01_10-Q_Q3.htm,10-Q,FY2025,N/A,999810,976.38 KB,.htm,N/A,FY2025\10-Q\2026-05-01_10-Q_Q3.htm,feb379450fb6b45eeeadcd448b44e99d,bb90060d61a273e51b5a472d65ae15d8b51bfd037ddf91e559f9d9adfe2a0228,2026-06-29 12:51:30
FY2025_10-Q_Q1.pdf,10-Q,FY2025,N/A,424623,414.67 KB,.pdf,N/A,FY2025\10-Q\FY2025_10-Q_Q1.pdf,4c35ea1e47d174be6d171c3fd92b8358,6b19dc26350b44c9dbd8c426116a17e0eff5e526729cbb80b523d0fd70c2ece5,2026-06-29 13:16:56
FY2025_10-Q_Q2.pdf,10-Q,FY2025,N/A,343351,335.30 KB,.pdf,N/A,FY2025\10-Q\FY2025_10-Q_Q2.pdf,9ae7344e997df46344c1b3a12e5934e7,93a6a3b8b4587d02695b3aa30217e4185d27e65e4c652684b1c3748e50a2ff85,2026-06-29 13:17:03
FY2025_10-Q_Q3.pdf,10-Q,FY2025,N/A,1016454,992.63 KB,.pdf,N/A,FY2025\10-Q\FY2025_10-Q_Q3.pdf,70c9523df74d850ee3c1c842619258b0,0e581dbee4def6badde0a107e6562558c14b953bc224ce48693886679d52ea17,2026-06-29 13:19:28
20251205_ef20060722_8k.htm,8-K,FY2025,2025-12-05,37881,36.99 KB,.htm,https://www.sec.gov/Archives/edgar/data/0000320193/000114036125044561/ef20060722_8k.htm,FY2025\8-K\20251205_ef20060722_8k.htm,305f61a38d9aa2199d4b5ed28e4ead24,79b03753efb9900610adcf17e7b1b0f8dbe3b8898ca913f44b5325b7dfe48ebb,2026-06-29 12:53:58
20260102_ef20060722_8k.htm,8-K,FY2025,2026-01-02,39520,38.59 KB,.htm,https://www.sec.gov/Archives/edgar/data/0000320193/000114036126000199/ef20060722_8k.htm,FY2025\8-K\20260102_ef20060722_8k.htm,32a3ff21f8ee7c3ea7efa57889c2b739,a69c533d948d1d05db5a3f9b506e38b642a2c066ab9c74fe26e1ac8925387d92,2026-06-29 12:53:55
20260224_ef20060722_8k.htm,8-K,FY2025,2026-02-24,73012,71.30 KB,.htm,https://www.sec.gov/Archives/edgar/data/0000320193/000114036126006577/ef20060722_8k.htm,FY2025\8-K\20260224_ef20060722_8k.htm,8ad7f140f8775cea1950de1c24076da2,5d4e1718a586cb80c3c7a621360e57c93c1bd382db5f20d23d12f7dd327ef939,2026-06-29 12:52:59
20260420_ef20071035_8k.htm,8-K,FY2025,2026-04-20,38605,37.70 KB,.htm,https://www.sec.gov/Archives/edgar/data/0000320193/000114036126015711/ef20071035_8k.htm,FY2025\8-K\20260420_ef20071035_8k.htm,cab3ad03bd9463c5e1164d9fe994ba38,044c055234b6a75fe74ff34dfc45c799dbb4507a2df82950962c39cefd1e9351,2026-06-29 12:51:53
2025-10-30_8-K.htm,8-K,FY2025,N/A,39054,38.14 KB,.htm,N/A,FY2025\8-K\2025-10-30_8-K.htm,886b3ec8c423f027643b71f8c150f607,dd190abfe635603763cc219d888e3b2d0a04a389d5682cdd32546a53597201a2,2026-06-29 12:54:25
2026-01-29_8-K.htm,8-K,FY2025,N/A,38421,37.52 KB,.htm,N/A,FY2025\8-K\2026-01-29_8-K.htm,88bb44ac8fe612972bc6fbb72316e48b,301f942f215a4d3a4f1cafa2d0149942a15b79ee87abbf6a63e661038a660a9a,2026-06-29 12:53:37
2026-04-30_8-K.htm,8-K,FY2025,N/A,37639,36.76 KB,.htm,N/A,FY2025\8-K\2026-04-30_8-K.htm,bd8907c5753515fcae471e70811806ce,d41d9fd1203ebc6cefdeb027f81627994a0f3392e6cc76aaccfd00bf5261060b,2026-06-29 12:51:32
2026-01-08_DEF-14A.htm,DEF-14A,FY2025,N/A,1248425,1.19 MB,.htm,N/A,FY2025\DEF-14A\2026-01-08_DEF-14A.htm,f2163389bc98c773c28d0c07cdea354b,d0d856e483cba04a9e86b0b152b86ac39a3232d60c9eac45617579a02770383f,2026-06-29 12:53:49
2026-01-08_DEF-14A_1.htm,DEF-14A,FY2025,N/A,42285,41.29 KB,.htm,N/A,FY2025\DEF-14A\2026-01-08_DEF-14A_1.htm,929e7766d6387289a2e2c88045e41d04,14256f93b0008053715c48b4311c72e085f64a0b269b96591e3359654830bf15,2026-06-29 12:53:45
20260122_nlpc_px14a6g.htm,Other,FY2025,2026-01-22,34345,33.54 KB,.htm,https://www.sec.gov/Archives/edgar/data/0000320193/000109690626000136/nlpc_px14a6g.htm,FY2025\Other\20260122_nlpc_px14a6g.htm,a5c6298fe021aba3da542ce2ab6c757c,a3228a81596f276255547b53b97d94b5a4fd7e23248dae48f8b35c0c0538f56e,2026-06-29 12:53:40
20260528_ef20073373_sd.htm,Other,FY2025,2026-05-28,28079,27.42 KB,.htm,https://www.sec.gov/Archives/edgar/data/0000320193/000114036126023149/ef20073373_sd.htm,FY2025\Other\20260528_ef20073373_sd.htm,a625e292d8d7a7ac06d07a98ec5d616f,ce721301a5901f6e3e90ad9c9ef93ff7b6606f82e19fa84e9d4269b00b827ae2,2026-06-29 12:50:42
form4.xml,Other,FY2025,N/A,23095,22.55 KB,.xml,N/A,FY2025\Other\form4.xml,c082dd615bf9feeda6524f0ea853a2c3,798b39f347edd34b3543316339598199e78928e8aa4d4eda351d8e3ec40e8bd5,2026-06-29 12:52:01
form4_1.xml,Other,FY2025,N/A,22184,21.66 KB,.xml,N/A,FY2025\Other\form4_1.xml,880cbdb32d2398e6d309af60d13f7f7b,8a26845801f5db4aab684db74a035e0e1ffae58189d5e946eb94357b382157f0,2026-06-29 12:51:55
form4_2.xml,Other,FY2025,N/A,15614,15.25 KB,.xml,N/A,FY2025\Other\form4_2.xml,2291ef9b7ae05fea75f229eb6c04e730,e7bace98865293aca0a1bf681779ca3c98e422a46ade4fdee1901a7f3dbc59f9,2026-06-29 12:51:43
form4_3.xml,Other,FY2025,N/A,17900,17.48 KB,.xml,N/A,FY2025\Other\form4_3.xml,7cef65b36f906464f4db1978c168ed69,c039ad567c20d02d4563e6e6eb48e2e4548638e6de1ac312e5e340d7e935e34c,2026-06-29 12:51:09
form4_4.xml,Other,FY2025,N/A,15613,15.25 KB,.xml,N/A,FY2025\Other\form4_4.xml,04b381a4a72e8d130be32fa3ca2d9216,89cde2750b800b38bacdf908626e8fa527f9e206262eab23c8c3394ce9467bff,2026-06-29 12:51:02
form4_5.xml,Other,FY2025,N/A,16840,16.45 KB,.xml,N/A,FY2025\Other\form4_5.xml,a58013bb8deef64cb3c7da7125bd8ed1,f03bef8e97d93ad5ab78c27f0c668f0463cef1f1fa1e40e152cc60bbade0767c,2026-06-29 12:50:35
form4_6.xml,Other,FY2025,N/A,18351,17.92 KB,.xml,N/A,FY2025\Other\form4_6.xml,a67550c2374f320dd66d1db66a631e26,e9c1efe593e86f1b96ceea0b23a1d25fdda896c44e7d64bb0c1097fe29423013,2026-06-29 12:50:31
primary_doc.xml,Other,FY2025,N/A,10899,10.64 KB,.xml,N/A,FY2025\Other\primary_doc.xml,c1ab586034563929bd2149a6937ef3ca,f2133a7fee23f6f6123c3679d94db7c0dd2db75df7d85e3f06d002c0991f8ce2,2026-06-29 12:54:56
primary_doc_1.xml,Other,FY2025,N/A,10885,10.63 KB,.xml,N/A,FY2025\Other\primary_doc_1.xml,44e0782227f84eb9ff2814dc7718f75f,1aa4734538183184dd4b9d3f626b92063023392fcc454dd31e09a6f429886cbc,2026-06-29 12:54:34
primary_doc_2.xml,Other,FY2025,N/A,10111,9.87 KB,.xml,N/A,FY2025\Other\primary_doc_2.xml,801d2b8ac9d5c84c7a4926317a029d70,f8e2c83b2c65a4fe7bc09f0a0e4df2556f0084e1c44500c6f7930e069654abb2,2026-06-29 12:54:13
primary_doc_3.xml,Other,FY2025,N/A,27746,27.10 KB,.xml,N/A,FY2025\Other\primary_doc_3.xml,b0c313f8776ebfa3f65061734cb27670,02f2d021cfeeed71da509909c818f3822494ef33cdb6d60d1488614a2a37f87e,2026-06-29 12:52:09
primary_doc_4.xml,Other,FY2025,N/A,10913,10.66 KB,.xml,N/A,FY2025\Other\primary_doc_4.xml,0f507ae8077a283863f94f230f5902f9,e072d4eb72bf884af60150c73cd98aa6031269714d227c187d6d7f4e7dfd52f2,2026-06-29 12:52:07
primary_doc_5.xml,Other,FY2025,N/A,10884,10.63 KB,.xml,N/A,FY2025\Other\primary_doc_5.xml,720c8f6dcbf09736f186d54d5264ea3d,2a7ee45a94e6fc2178f3a5d0cd8be8111dfc2b91a437b7cac24e42e2ebea796f,2026-06-29 12:51:46
primary_doc_6.xml,Other,FY2025,N/A,27792,27.14 KB,.xml,N/A,FY2025\Other\primary_doc_6.xml,695798ab568f89b155876905617b8212,98e06261dd4b55ca65749bba818ce83ffe342b56ba003449fa910906fef55f02,2026-06-29 12:51:41
primary_doc_7.xml,Other,FY2025,N/A,13082,12.78 KB,.xml,N/A,FY2025\Other\primary_doc_7.xml,893d8c072118944895803bea45e46f88,1f99cf63fcd3461faba670e671fb8a2d29ab44b133dcfa1f991e2bff4eb8cd67,2026-06-29 12:51:17
primary_doc_8.xml,Other,FY2025,N/A,10768,10.52 KB,.xml,N/A,FY2025\Other\primary_doc_8.xml,302b9099940c37dd67bdf3d5c77aa72e,9e9a1b301a954476c1689697856e8027b228c4097568410fecc0dfb632fc7e91,2026-06-29 12:51:13
primary_doc_9.xml,Other,FY2025,N/A,11367,11.10 KB,.xml,N/A,FY2025\Other\primary_doc_9.xml,cda329b47335b619397fab01ea962ec8,d31d036e995ac94d17bfaa694ca77fbb64434d70eabec317c2a1cd6379d8aee9,2026-06-29 12:50:45
wk-form3_1767396618.xml,Other,FY2025,N/A,16797,16.40 KB,.xml,N/A,FY2025\Other\wk-form3_1767396618.xml,e659e3beb8d6aeed1e259d2fb2ebb0a1,c924584078101b0ac3e8e5eddfd89b1145db8876bd37a17d8c789e8be50b776f,2026-06-29 12:53:52
wk-form3_1772839848.xml,Other,FY2025,N/A,14537,14.20 KB,.xml,N/A,FY2025\Other\wk-form3_1772839848.xml,cd5ddd863efdc5eecb6599dde533f562,1aa3d8545cea8a933dced862a8ce5ee1f4e576ca4058370f1e542a71b6861191,2026-06-29 12:52:18
wk-form4_1759530624.xml,Other,FY2025,N/A,24970,24.38 KB,.xml,N/A,FY2025\Other\wk-form4_1759530624.xml,3b66c1fdb733714516bef933a0694fd3,8c271f499246c697d60ff3544febdc47542d25bee4f5ab63710a7c07f409c852,2026-06-29 12:54:53
wk-form4_1759530690.xml,Other,FY2025,N/A,20719,20.23 KB,.xml,N/A,FY2025\Other\wk-form4_1759530690.xml,d2f3e4c336fef30c611b74ed5738cc1a,c6def79e9ed1ed2e01102d4847338ed8aeec190f556b6b47492cc90a69be6748,2026-06-29 12:54:50
wk-form4_1759530744.xml,Other,FY2025,N/A,22718,22.19 KB,.xml,N/A,FY2025\Other\wk-form4_1759530744.xml,8ad614f7227348f3e3891db14176a915,fedfbd48ae36706b6906118ff18d5069c81cd8084e2688cb355b13acd9206beb,2026-06-29 12:54:45
wk-form4_1759530830.xml,Other,FY2025,N/A,25405,24.81 KB,.xml,N/A,FY2025\Other\wk-form4_1759530830.xml,46e9674edae951c8f78e4e38a2d53aa0,6a2bf086ea99eb4fc2e94a6b9a8c9f50ff3833fe460b825895d1379837bb9eff,2026-06-29 12:54:39
wk-form4_1760740212.xml,Other,FY2025,N/A,21852,21.34 KB,.xml,N/A,FY2025\Other\wk-form4_1760740212.xml,e7c2a426053beef54e12b086d5d0e3b5,afbe360b3e9f8831b2a7f04f9d261eb5409cec5654b662846ad4c75265613ebf,2026-06-29 12:54:32
wk-form4_1760740266.xml,Other,FY2025,N/A,25092,24.50 KB,.xml,N/A,FY2025\Other\wk-form4_1760740266.xml,d71288cc66ba4b1486798e3375bd09dc,cfe130f8663b2d04c77d0a69896ef6bd2ffed35baf329a8d19c6a31f71292159,2026-06-29 12:54:27
wk-form4_1762990206.xml,Other,FY2025,N/A,15697,15.33 KB,.xml,N/A,FY2025\Other\wk-form4_1762990206.xml,7484d87f115427b0c749b1ee447fe853,8da70c6ba96233cc108047cdac32c3e7255abb50036e8a8906f39b81bcfd2f34,2026-06-29 12:54:18
wk-form4_1763163012.xml,Other,FY2025,N/A,15233,14.88 KB,.xml,N/A,FY2025\Other\wk-form4_1763163012.xml,1f9131618356cda30f961938962aa76d,5bd5c0d41e421ab5361fc1ed38ca4482bf71331395cd2e400f074953ffbeccb5,2026-06-29 12:54:01
wk-form4_1770161527.xml,Other,FY2025,N/A,16649,16.26 KB,.xml,N/A,FY2025\Other\wk-form4_1770161527.xml,39608e235283bb00af7b619908df174c,bd9afd229a5221f1232791850392945272993bbd5976d2ea2378ae1ef1756dc9,2026-06-29 12:53:30
wk-form4_1770161602.xml,Other,FY2025,N/A,16642,16.25 KB,.xml,N/A,FY2025\Other\wk-form4_1770161602.xml,71f31d256fcf26cb9e32605566498fd2,6b7e19acc015de4ab3b2e6ee2029dd53209d8b85c111081c8c9df7e2d12c667f,2026-06-29 12:53:22
wk-form4_1770161657.xml,Other,FY2025,N/A,17079,16.68 KB,.xml,N/A,FY2025\Other\wk-form4_1770161657.xml,ef80bfaddd8621bacb56db80e2be9039,de06af9f204b4f7988996f7496064ffbf16d20338e0dbde0f071876b0b507155,2026-06-29 12:53:19
wk-form4_1770161713.xml,Other,FY2025,N/A,17091,16.69 KB,.xml,N/A,FY2025\Other\wk-form4_1770161713.xml,0a4a7d039207031eaa527e338baf08da,3c184b275f6a0f845417ef593c38fdd60ad83f539e1e458fb673936f2917f972,2026-06-29 12:53:16
wk-form4_1770161752.xml,Other,FY2025,N/A,16651,16.26 KB,.xml,N/A,FY2025\Other\wk-form4_1770161752.xml,c29229a47812e885b297f905822c6799,9d45d7c5538cf1331c32fa3ccae74bc5f3885a70f4ec1aae2788b75cf2249a7f,2026-06-29 12:53:09
wk-form4_1770161790.xml,Other,FY2025,N/A,16651,16.26 KB,.xml,N/A,FY2025\Other\wk-form4_1770161790.xml,4ab43bc137f715857f0d67bf35f31e13,01575202fe17203e29e5219bc362ae421a129d19d4137c9bc961432ff929b43c,2026-06-29 12:53:07
wk-form4_1770161827.xml,Other,FY2025,N/A,17076,16.68 KB,.xml,N/A,FY2025\Other\wk-form4_1770161827.xml,75aedd8ff961a198601e69590de4f090,e09575859178c74b964f0bfd0cd7b08156957f0695a2cd87dfda44a600b27991,2026-06-29 12:53:04
wk-form4_1772148630.xml,Other,FY2025,N/A,16174,15.79 KB,.xml,N/A,FY2025\Other\wk-form4_1772148630.xml,19d72d8e7e10745aedc97373fe710089,55987238c6f7e823ed0f8d6c2e6a9c6d0da9cc98737ea7cb28ca47057e6c516e,2026-06-29 12:52:56
wk-form4_1772148681.xml,Other,FY2025,N/A,16167,15.79 KB,.xml,N/A,FY2025\Other\wk-form4_1772148681.xml,40c5f04bce2c180b08e576f3f95c7bb2,3235957067cb84c733d82510ee7adc37f853714340b187968451f88440ce15d5,2026-06-29 12:52:53
wk-form4_1772148721.xml,Other,FY2025,N/A,16167,15.79 KB,.xml,N/A,FY2025\Other\wk-form4_1772148721.xml,0891f491331d69641b1c793d0ac0a1e9,60c95530eb5c202436dd502fa284afd3a75ef26412badfd8dc5d201f842a0d9f,2026-06-29 12:52:51
wk-form4_1772148758.xml,Other,FY2025,N/A,17229,16.83 KB,.xml,N/A,FY2025\Other\wk-form4_1772148758.xml,c6db45797215c64a2c1415ab58c53c02,6294c0ad4e724b80bc19fff9014099356f2b5ff24042868b5252e8c478383f05,2026-06-29 12:52:37
wk-form4_1772148791.xml,Other,FY2025,N/A,16176,15.80 KB,.xml,N/A,FY2025\Other\wk-form4_1772148791.xml,9183fa1b80c41eeb75cbfdca2bccbf34,7952c9682b55d60b4890fc131d89c90d07fa5d681858b01b1a93f244dbeef2b2,2026-06-29 12:52:30
wk-form4_1772148826.xml,Other,FY2025,N/A,16174,15.79 KB,.xml,N/A,FY2025\Other\wk-form4_1772148826.xml,7c16a4420fd60fc0d5d9da3427e797ed,95356cc58731791104b4b1998420e39112e61be8cb0a5723687908c66b0f1c92,2026-06-29 12:52:24
wk-form4_1772148856.xml,Other,FY2025,N/A,16169,15.79 KB,.xml,N/A,FY2025\Other\wk-form4_1772148856.xml,21da633a09e618e3e6ec10c28ac4045b,3f4608b4c581c1893d996c0b084e6424a09691ff8e7b0d4dd888b4cb3814ee79,2026-06-29 12:52:21
wk-form4_1773786674.xml,Other,FY2025,N/A,18170,17.74 KB,.xml,N/A,FY2025\Other\wk-form4_1773786674.xml,2ae91f0c93158ca80b2470e051b7b1bb,505cb2aafe0eeb2cf9d085fc56cbf5c70162c6eaff8e12c68f2868b181ee8ee0,2026-06-29 12:52:12
FY2026_10-Q_Q1.pdf,10-Q,FY2026,N/A,791783,773.23 KB,.pdf,N/A,FY2026\10-Q\FY2026_10-Q_Q1.pdf,841c3822cf01c65dfc50e46c467052c9,77cafe2f46ac20e0d77cea05e8b095e6f0a2cbd2daef898ca454f3dce3945cb0,2026-06-29 13:19:37
FY2026_10-Q_Q2.pdf,10-Q,FY2026,N/A,980329,957.35 KB,.pdf,N/A,FY2026\10-Q\FY2026_10-Q_Q2.pdf,01744cc4325f90845cb68fbb24d53c68,96a4d78691c494703634ad1c135cc6bae1fd039edcaa5faae048c68aff3da720,2026-06-29 13:21:49
